timestamp,balance,equity,open_trades
2026-05-01 00:00:00+00:00,10000.0,10000.0,0
2026-05-01 00:15:00+00:00,10000.0,10000.0,0
2026-05-01 00:30:00+00:00,10000.0,10000.0,0
2026-05-01 00:45:00+00:00,10000.0,10000.0,0
2026-05-01 01:00:00+00:00,10000.0,10000.0,0
2026-05-01 01:15:00+00:00,10000.0,10000.0,0
2026-05-01 01:30:00+00:00,10000.0,10000.0,0
2026-05-01 01:45:00+00:00,10000.0,10000.0,0
2026-05-01 02:00:00+00:00,10000.0,10000.0,0
2026-05-01 02:15:00+00:00,10000.0,10000.0,0
2026-05-01 02:30:00+00:00,10000.0,10000.0,0
2026-05-01 02:45:00+00:00,10000.0,10000.0,0
2026-05-01 03:00:00+00:00,10000.0,10000.0,0
2026-05-01 03:15:00+00:00,10000.0,10000.0,0
2026-05-01 03:30:00+00:00,10000.0,10000.0,0
2026-05-01 03:45:00+00:00,10000.0,10000.0,0
2026-05-01 04:00:00+00:00,10000.0,10000.0,0
2026-05-01 04:15:00+00:00,10000.0,10000.0,0
2026-05-01 04:30:00+00:00,10000.0,10000.0,0
2026-05-01 04:45:00+00:00,10000.0,10000.0,0
2026-05-01 05:00:00+00:00,10000.0,10000.0,0
2026-05-01 05:15:00+00:00,10000.0,10000.0,0
2026-05-01 05:30:00+00:00,10000.0,10000.0,0
2026-05-01 05:45:00+00:00,10000.0,10000.0,0
2026-05-01 06:00:00+00:00,10000.0,10000.0,0
2026-05-01 06:15:00+00:00,10000.0,10000.0,0
2026-05-01 06:30:00+00:00,10000.0,10000.0,0
2026-05-01 06:45:00+00:00,10000.0,10000.0,0
2026-05-01 07:00:00+00:00,10000.0,10000.0,1
2026-05-01 07:15:00+00:00,10000.0,9981.719917342236,1
2026-05-01 07:30:00+00:00,10000.0,9986.488634557303,1
2026-05-01 07:45:00+00:00,10000.0,10003.179144810047,1
2026-05-01 08:00:00+00:00,10000.0,10019.869655062788,2
2026-05-01 08:15:00+00:00,10012.213256999796,10025.752135119123,1
2026-05-01 08:30:00+00:00,10012.213256999796,10009.751642796282,1
2026-05-01 08:45:00+00:00,10012.213256999796,10019.598099610339,1
2026-05-01 09:00:00+00:00,10012.213256999796,10006.67462504189,1
2026-05-01 09:15:00+00:00,10012.213256999796,9990.674132719048,2
2026-05-01 09:30:00+00:00,10012.213256999796,9983.826939755158,4
2026-05-01 09:45:00+00:00,9941.933332272441,9923.895898311794,4
2026-05-01 10:00:00+00:00,9909.863220400532,9872.48901415963,5
2026-05-01 10:15:00+00:00,9909.863220400532,9940.243543366018,5
2026-05-01 10:30:00+00:00,9909.863220400532,9911.671531320913,5
2026-05-01 10:45:00+00:00,9909.863220400532,9961.149744644528,5
2026-05-01 11:00:00+00:00,9938.694499929858,9952.113809905353,3
2026-05-01 11:15:00+00:00,9946.392261044346,9938.869358243624,2
2026-05-01 11:30:00+00:00,9946.392261044346,9948.768215767062,3
2026-05-01 11:45:00+00:00,9946.392261044346,9962.27166584652,3
2026-05-01 12:00:00+00:00,9968.404300939283,9972.377401438092,1
2026-05-01 12:15:00+00:00,9978.077982791146,9978.077982791146,0
2026-05-01 12:30:00+00:00,9978.077982791146,9978.077982791146,0
2026-05-01 12:45:00+00:00,9978.077982791146,9978.077982791146,0
2026-05-01 13:00:00+00:00,9978.077982791146,9978.077982791146,0
2026-05-01 13:15:00+00:00,9978.077982791146,9978.077982791146,0
2026-05-01 13:30:00+00:00,9978.077982791146,9978.077982791146,0
2026-05-01 13:45:00+00:00,9978.077982791146,9978.077982791146,0
2026-05-01 14:00:00+00:00,9978.077982791146,9978.077982791146,0
2026-05-01 14:15:00+00:00,9978.077982791146,9978.077982791146,0
2026-05-01 14:30:00+00:00,9978.077982791146,9978.077982791146,0
2026-05-01 14:45:00+00:00,9978.077982791146,9978.077982791146,0
2026-05-01 15:00:00+00:00,9978.077982791146,9978.077982791146,0
2026-05-01 15:15:00+00:00,9978.077982791146,9978.077982791146,0
2026-05-01 15:30:00+00:00,9978.077982791146,9978.077982791146,0
2026-05-01 15:45:00+00:00,9978.077982791146,9978.077982791146,0
2026-05-01 16:00:00+00:00,9978.077982791146,9978.077982791146,0
2026-05-01 16:15:00+00:00,9978.077982791146,9978.077982791146,0
2026-05-01 16:30:00+00:00,9978.077982791146,9978.077982791146,0
2026-05-01 16:45:00+00:00,9978.077982791146,9978.077982791146,0
2026-05-01 17:00:00+00:00,9978.077982791146,9978.077982791146,0
2026-05-01 17:15:00+00:00,9978.077982791146,9978.077982791146,0
2026-05-01 17:30:00+00:00,9978.077982791146,9978.077982791146,0
2026-05-01 17:45:00+00:00,9978.077982791146,9978.077982791146,0
2026-05-01 18:00:00+00:00,9978.077982791146,9978.077982791146,0
2026-05-01 18:15:00+00:00,9978.077982791146,9978.077982791146,0
2026-05-01 18:30:00+00:00,9978.077982791146,9978.077982791146,0
2026-05-01 18:45:00+00:00,9978.077982791146,9978.077982791146,0
2026-05-01 19:00:00+00:00,9978.077982791146,9978.077982791146,0
2026-05-01 19:15:00+00:00,9978.077982791146,9978.077982791146,0
2026-05-01 19:30:00+00:00,9978.077982791146,9978.077982791146,0
2026-05-01 19:45:00+00:00,9978.077982791146,9978.077982791146,0
2026-05-01 20:00:00+00:00,9978.077982791146,9978.077982791146,0
2026-05-01 20:15:00+00:00,9978.077982791146,9978.077982791146,0
2026-05-01 20:30:00+00:00,9978.077982791146,9978.077982791146,0
2026-05-01 20:45:00+00:00,9978.077982791146,9978.077982791146,0
2026-05-01 21:00:00+00:00,9978.077982791146,9978.077982791146,0
2026-05-01 21:15:00+00:00,9978.077982791146,9978.077982791146,0
2026-05-01 21:30:00+00:00,9978.077982791146,9978.077982791146,0
2026-05-01 21:45:00+00:00,9978.077982791146,9978.077982791146,0
2026-05-01 22:00:00+00:00,9978.077982791146,9978.077982791146,0
2026-05-01 22:15:00+00:00,9978.077982791146,9978.077982791146,0
2026-05-01 22:30:00+00:00,9978.077982791146,9978.077982791146,0
2026-05-01 22:45:00+00:00,9978.077982791146,9978.077982791146,0
2026-05-01 23:00:00+00:00,9978.077982791146,9978.077982791146,0
2026-05-01 23:15:00+00:00,9978.077982791146,9978.077982791146,0
2026-05-01 23:30:00+00:00,9978.077982791146,9978.077982791146,0
2026-05-01 23:45:00+00:00,9978.077982791146,9978.077982791146,0
2026-05-02 00:00:00+00:00,9978.077982791146,9978.077982791146,0
2026-05-02 00:15:00+00:00,9978.077982791146,9978.077982791146,0
2026-05-02 00:30:00+00:00,9978.077982791146,9978.077982791146,0
2026-05-02 00:45:00+00:00,9978.077982791146,9978.077982791146,0
2026-05-02 01:00:00+00:00,9978.077982791146,9978.077982791146,0
2026-05-02 01:15:00+00:00,9978.077982791146,9978.077982791146,0
2026-05-02 01:30:00+00:00,9978.077982791146,9978.077982791146,0
2026-05-02 01:45:00+00:00,9978.077982791146,9978.077982791146,0
2026-05-02 02:00:00+00:00,9978.077982791146,9978.077982791146,0
2026-05-02 02:15:00+00:00,9978.077982791146,9978.077982791146,0
2026-05-02 02:30:00+00:00,9978.077982791146,9978.077982791146,0
2026-05-02 02:45:00+00:00,9978.077982791146,9978.077982791146,0
2026-05-02 03:00:00+00:00,9978.077982791146,9978.077982791146,0
2026-05-02 03:15:00+00:00,9978.077982791146,9978.077982791146,0
2026-05-02 03:30:00+00:00,9978.077982791146,9978.077982791146,0
2026-05-02 03:45:00+00:00,9978.077982791146,9978.077982791146,0
2026-05-02 04:00:00+00:00,9978.077982791146,9978.077982791146,0
2026-05-02 04:15:00+00:00,9978.077982791146,9978.077982791146,0
2026-05-02 04:30:00+00:00,9978.077982791146,9978.077982791146,0
2026-05-02 04:45:00+00:00,9978.077982791146,9978.077982791146,0
2026-05-02 05:00:00+00:00,9978.077982791146,9978.077982791146,0
2026-05-02 05:15:00+00:00,9978.077982791146,9978.077982791146,0
2026-05-02 05:30:00+00:00,9978.077982791146,9978.077982791146,0
2026-05-02 05:45:00+00:00,9978.077982791146,9978.077982791146,0
2026-05-02 06:00:00+00:00,9978.077982791146,9978.077982791146,0
2026-05-02 06:15:00+00:00,9978.077982791146,9978.077982791146,0
2026-05-02 06:30:00+00:00,9978.077982791146,9978.077982791146,0
2026-05-02 06:45:00+00:00,9978.077982791146,9978.077982791146,0
2026-05-02 07:00:00+00:00,9978.077982791146,9978.077982791146,0
2026-05-02 07:15:00+00:00,9978.077982791146,9978.077982791146,0
2026-05-02 07:30:00+00:00,9978.077982791146,9978.077982791146,0
2026-05-02 07:45:00+00:00,9978.077982791146,9978.077982791146,0
2026-05-02 08:00:00+00:00,9978.077982791146,9978.077982791146,0
2026-05-02 08:15:00+00:00,9978.077982791146,9978.077982791146,0
2026-05-02 08:30:00+00:00,9978.077982791146,9978.077982791146,0
2026-05-02 08:45:00+00:00,9978.077982791146,9978.077982791146,0
2026-05-02 09:00:00+00:00,9978.077982791146,9978.077982791146,0
2026-05-02 09:15:00+00:00,9978.077982791146,9978.077982791146,0
2026-05-02 09:30:00+00:00,9978.077982791146,9978.077982791146,0
2026-05-02 09:45:00+00:00,9978.077982791146,9978.077982791146,0
2026-05-02 10:00:00+00:00,9978.077982791146,9978.077982791146,0
2026-05-02 10:15:00+00:00,9978.077982791146,9978.077982791146,2
2026-05-02 10:30:00+00:00,9978.077982791146,9978.087614060985,2
2026-05-02 10:45:00+00:00,9978.077982791146,9978.874174014618,2
2026-05-02 11:00:00+00:00,9978.077982791146,9966.957528633204,2
2026-05-02 11:15:00+00:00,9977.85582228226,9976.873999426387,1
2026-05-02 11:30:00+00:00,9977.85582228226,9972.19590228959,1
2026-05-02 11:45:00+00:00,9951.095295836232,9951.095295836232,1
2026-05-02 12:00:00+00:00,9951.095295836232,9951.873803037284,1
2026-05-02 12:15:00+00:00,9951.095295836232,9959.399372647445,1
2026-05-02 12:30:00+00:00,9951.095295836232,9958.246028645888,1
2026-05-02 12:45:00+00:00,9951.095295836232,9955.189667041761,1
2026-05-02 13:00:00+00:00,9952.599630409328,9952.599630409328,0
2026-05-02 13:15:00+00:00,9952.599630409328,9952.599630409328,0
2026-05-02 13:30:00+00:00,9952.599630409328,9952.599630409328,0
2026-05-02 13:45:00+00:00,9952.599630409328,9952.599630409328,0
2026-05-02 14:00:00+00:00,9952.599630409328,9952.599630409328,0
2026-05-02 14:15:00+00:00,9952.599630409328,9952.599630409328,0
2026-05-02 14:30:00+00:00,9952.599630409328,9952.599630409328,0
2026-05-02 14:45:00+00:00,9952.599630409328,9952.599630409328,0
2026-05-02 15:00:00+00:00,9952.599630409328,9952.599630409328,0
2026-05-02 15:15:00+00:00,9952.599630409328,9952.599630409328,0
2026-05-02 15:30:00+00:00,9952.599630409328,9952.599630409328,0
2026-05-02 15:45:00+00:00,9952.599630409328,9952.599630409328,0
2026-05-02 16:00:00+00:00,9952.599630409328,9952.599630409328,0
2026-05-02 16:15:00+00:00,9952.599630409328,9952.599630409328,0
2026-05-02 16:30:00+00:00,9952.599630409328,9952.599630409328,0
2026-05-02 16:45:00+00:00,9952.599630409328,9952.599630409328,0
2026-05-02 17:00:00+00:00,9952.599630409328,9952.599630409328,0
2026-05-02 17:15:00+00:00,9952.599630409328,9952.599630409328,0
2026-05-02 17:30:00+00:00,9952.599630409328,9952.599630409328,0
2026-05-02 17:45:00+00:00,9952.599630409328,9952.599630409328,0
2026-05-02 18:00:00+00:00,9952.599630409328,9952.599630409328,0
2026-05-02 18:15:00+00:00,9952.599630409328,9952.599630409328,0
2026-05-02 18:30:00+00:00,9952.599630409328,9952.599630409328,0
2026-05-02 18:45:00+00:00,9952.599630409328,9952.599630409328,0
2026-05-02 19:00:00+00:00,9952.599630409328,9952.599630409328,0
2026-05-02 19:15:00+00:00,9952.599630409328,9952.599630409328,0
2026-05-02 19:30:00+00:00,9952.599630409328,9952.599630409328,0
2026-05-02 19:45:00+00:00,9952.599630409328,9952.599630409328,0
2026-05-02 20:00:00+00:00,9952.599630409328,9952.599630409328,1
2026-05-02 20:15:00+00:00,9952.599630409328,9964.228286620488,2
2026-05-02 20:30:00+00:00,9952.599630409328,9964.228286620488,2
2026-05-02 20:45:00+00:00,9952.599630409328,9975.339783833542,2
2026-05-02 21:00:00+00:00,9961.393910143395,9962.182672200013,2
2026-05-02 21:15:00+00:00,9960.207267524047,9963.27495473461,1
2026-05-02 21:30:00+00:00,9968.86371941044,9968.86371941044,0
2026-05-02 21:45:00+00:00,9968.86371941044,9968.86371941044,0
2026-05-02 22:00:00+00:00,9968.86371941044,9968.86371941044,0
2026-05-02 22:15:00+00:00,9968.86371941044,9968.86371941044,0
2026-05-02 22:30:00+00:00,9968.86371941044,9968.86371941044,1
2026-05-02 22:45:00+00:00,9979.215386087211,9979.215386087211,0
2026-05-02 23:00:00+00:00,9979.215386087211,9979.215386087211,0
2026-05-02 23:15:00+00:00,9979.215386087211,9979.215386087211,0
2026-05-02 23:30:00+00:00,9979.215386087211,9979.215386087211,0
2026-05-02 23:45:00+00:00,9979.215386087211,9979.215386087211,0
2026-05-03 00:00:00+00:00,9979.215386087211,9979.215386087211,0
2026-05-03 00:15:00+00:00,9979.215386087211,9979.215386087211,0
2026-05-03 00:30:00+00:00,9979.215386087211,9979.215386087211,0
2026-05-03 00:45:00+00:00,9979.215386087211,9979.215386087211,0
2026-05-03 01:00:00+00:00,9979.215386087211,9979.215386087211,0
2026-05-03 01:15:00+00:00,9979.215386087211,9979.215386087211,0
2026-05-03 01:30:00+00:00,9979.215386087211,9979.215386087211,0
2026-05-03 01:45:00+00:00,9979.215386087211,9979.215386087211,0
2026-05-03 02:00:00+00:00,9979.215386087211,9979.215386087211,0
2026-05-03 02:15:00+00:00,9979.215386087211,9979.215386087211,0
2026-05-03 02:30:00+00:00,9979.215386087211,9979.215386087211,0
2026-05-03 02:45:00+00:00,9979.215386087211,9979.215386087211,0
2026-05-03 03:00:00+00:00,9979.215386087211,9979.215386087211,0
2026-05-03 03:15:00+00:00,9979.215386087211,9979.215386087211,0
2026-05-03 03:30:00+00:00,9979.215386087211,9979.215386087211,0
2026-05-03 03:45:00+00:00,9979.215386087211,9979.215386087211,0
2026-05-03 04:00:00+00:00,9979.215386087211,9979.215386087211,0
2026-05-03 04:15:00+00:00,9979.215386087211,9979.215386087211,0
2026-05-03 04:30:00+00:00,9979.215386087211,9979.215386087211,0
2026-05-03 04:45:00+00:00,9979.215386087211,9979.215386087211,0
2026-05-03 05:00:00+00:00,9979.215386087211,9979.215386087211,0
2026-05-03 05:15:00+00:00,9979.215386087211,9979.215386087211,0
2026-05-03 05:30:00+00:00,9979.215386087211,9979.215386087211,0
2026-05-03 05:45:00+00:00,9979.215386087211,9979.215386087211,0
2026-05-03 06:00:00+00:00,9979.215386087211,9979.215386087211,0
2026-05-03 06:15:00+00:00,9979.215386087211,9979.215386087211,0
2026-05-03 06:30:00+00:00,9979.215386087211,9979.215386087211,0
2026-05-03 06:45:00+00:00,9979.215386087211,9979.215386087211,0
2026-05-03 07:00:00+00:00,9979.215386087211,9979.215386087211,0
2026-05-03 07:15:00+00:00,9979.215386087211,9979.215386087211,0
2026-05-03 07:30:00+00:00,9979.215386087211,9979.215386087211,0
2026-05-03 07:45:00+00:00,9979.215386087211,9979.215386087211,1
2026-05-03 08:00:00+00:00,9979.215386087211,9988.46739367676,1
2026-05-03 08:15:00+00:00,9979.215386087211,9982.29938861706,1
2026-05-03 08:30:00+00:00,9979.215386087211,9989.084194182731,1
2026-05-03 08:45:00+00:00,9979.215386087211,9984.76659064094,1
2026-05-03 09:00:00+00:00,9979.215386087211,9989.084194182731,1
2026-05-03 09:15:00+00:00,9979.215386087211,9989.7009946887,1
2026-05-03 09:30:00+00:00,9987.237924778827,9987.237924778827,0
2026-05-03 09:45:00+00:00,9987.237924778827,9987.237924778827,0
2026-05-03 10:00:00+00:00,9987.237924778827,9987.237924778827,0
2026-05-03 10:15:00+00:00,9987.237924778827,9987.237924778827,0
2026-05-03 10:30:00+00:00,9987.237924778827,9987.237924778827,0
2026-05-03 10:45:00+00:00,9987.237924778827,9987.237924778827,2
2026-05-03 11:00:00+00:00,9987.237924778827,9996.691896767692,2
2026-05-03 11:15:00+00:00,9987.237924778827,9999.257188530059,2
2026-05-03 11:30:00+00:00,9994.284050106955,9994.284050106955,0
2026-05-03 11:45:00+00:00,9994.284050106955,9994.284050106955,0
2026-05-03 12:00:00+00:00,9994.284050106955,9994.284050106955,0
2026-05-03 12:15:00+00:00,9994.284050106955,9994.284050106955,0
2026-05-03 12:30:00+00:00,9994.284050106955,9994.284050106955,0
2026-05-03 12:45:00+00:00,9994.284050106955,9994.284050106955,0
2026-05-03 13:00:00+00:00,9994.284050106955,9994.284050106955,0
2026-05-03 13:15:00+00:00,9994.284050106955,9994.284050106955,0
2026-05-03 13:30:00+00:00,9994.284050106955,9994.284050106955,0
2026-05-03 13:45:00+00:00,9994.284050106955,9994.284050106955,0
2026-05-03 14:00:00+00:00,9994.284050106955,9994.284050106955,0
2026-05-03 14:15:00+00:00,9994.284050106955,9994.284050106955,0
2026-05-03 14:30:00+00:00,9994.284050106955,9994.284050106955,0
2026-05-03 14:45:00+00:00,9994.284050106955,9994.284050106955,0
2026-05-03 15:00:00+00:00,9994.284050106955,9994.284050106955,0
2026-05-03 15:15:00+00:00,9994.284050106955,9994.284050106955,0
2026-05-03 15:30:00+00:00,9994.284050106955,9994.284050106955,0
2026-05-03 15:45:00+00:00,9994.284050106955,9994.284050106955,0
2026-05-03 16:00:00+00:00,9994.284050106955,9994.284050106955,0
2026-05-03 16:15:00+00:00,9994.284050106955,9994.284050106955,0
2026-05-03 16:30:00+00:00,9994.284050106955,9994.284050106955,0
2026-05-03 16:45:00+00:00,9994.284050106955,9994.284050106955,0
2026-05-03 17:00:00+00:00,9994.284050106955,9994.284050106955,0
2026-05-03 17:15:00+00:00,9994.284050106955,9994.284050106955,0
2026-05-03 17:30:00+00:00,9994.284050106955,9994.284050106955,0
2026-05-03 17:45:00+00:00,9994.284050106955,9994.284050106955,0
2026-05-03 18:00:00+00:00,9994.284050106955,9994.284050106955,0
2026-05-03 18:15:00+00:00,9994.284050106955,9994.284050106955,0
2026-05-03 18:30:00+00:00,9994.284050106955,9994.284050106955,0
2026-05-03 18:45:00+00:00,9994.284050106955,9994.284050106955,0
2026-05-03 19:00:00+00:00,9994.284050106955,9994.284050106955,0
2026-05-03 19:15:00+00:00,9994.284050106955,9994.284050106955,0
2026-05-03 19:30:00+00:00,9994.284050106955,9994.284050106955,0
2026-05-03 19:45:00+00:00,9994.284050106955,9994.284050106955,0
2026-05-03 20:00:00+00:00,9994.284050106955,9994.284050106955,0
2026-05-03 20:15:00+00:00,9994.284050106955,9994.284050106955,0
2026-05-03 20:30:00+00:00,9994.284050106955,9994.284050106955,0
2026-05-03 20:45:00+00:00,9994.284050106955,9994.284050106955,0
2026-05-03 21:00:00+00:00,9994.284050106955,9994.284050106955,0
2026-05-03 21:15:00+00:00,9994.284050106955,9994.284050106955,0
2026-05-03 21:30:00+00:00,9994.284050106955,9994.284050106955,0
2026-05-03 21:45:00+00:00,9994.284050106955,9994.284050106955,0
2026-05-03 22:00:00+00:00,9994.284050106955,9994.284050106955,0
2026-05-03 22:15:00+00:00,9994.284050106955,9994.284050106955,0
2026-05-03 22:30:00+00:00,9994.284050106955,9994.284050106955,0
2026-05-03 22:45:00+00:00,9994.284050106955,9994.284050106955,0
2026-05-03 23:00:00+00:00,9994.284050106955,9994.284050106955,0
2026-05-03 23:15:00+00:00,9994.284050106955,9994.284050106955,0
2026-05-03 23:30:00+00:00,9994.284050106955,9994.284050106955,0
2026-05-03 23:45:00+00:00,9994.284050106955,9994.284050106955,0
2026-05-04 00:00:00+00:00,9994.284050106955,9994.284050106955,0
2026-05-04 00:15:00+00:00,9994.284050106955,9994.284050106955,0
2026-05-04 00:30:00+00:00,9994.284050106955,9994.284050106955,0
2026-05-04 00:45:00+00:00,9994.284050106955,9994.284050106955,0
2026-05-04 01:00:00+00:00,9994.284050106955,9994.284050106955,0
2026-05-04 01:15:00+00:00,9994.284050106955,9994.284050106955,0
2026-05-04 01:30:00+00:00,9994.284050106955,9994.284050106955,0
2026-05-04 01:45:00+00:00,9994.284050106955,9994.284050106955,0
2026-05-04 02:00:00+00:00,9994.284050106955,9994.284050106955,0
2026-05-04 02:15:00+00:00,9994.284050106955,9994.284050106955,0
2026-05-04 02:30:00+00:00,9994.284050106955,9994.284050106955,0
2026-05-04 02:45:00+00:00,9994.284050106955,9994.284050106955,0
2026-05-04 03:00:00+00:00,9994.284050106955,9994.284050106955,0
2026-05-04 03:15:00+00:00,9994.284050106955,9994.284050106955,0
2026-05-04 03:30:00+00:00,9994.284050106955,9994.284050106955,0
2026-05-04 03:45:00+00:00,9994.284050106955,9994.284050106955,0
2026-05-04 04:00:00+00:00,9994.284050106955,9994.284050106955,0
2026-05-04 04:15:00+00:00,9994.284050106955,9994.284050106955,0
2026-05-04 04:30:00+00:00,9994.284050106955,9994.284050106955,0
2026-05-04 04:45:00+00:00,9994.284050106955,9994.284050106955,0
2026-05-04 05:00:00+00:00,9994.284050106955,9994.284050106955,0
2026-05-04 05:15:00+00:00,9994.284050106955,9994.284050106955,0
2026-05-04 05:30:00+00:00,9994.284050106955,9994.284050106955,0
2026-05-04 05:45:00+00:00,9994.284050106955,9994.284050106955,0
2026-05-04 06:00:00+00:00,9994.284050106955,9994.284050106955,0
2026-05-04 06:15:00+00:00,9994.284050106955,9994.284050106955,0
2026-05-04 06:30:00+00:00,9994.284050106955,9994.284050106955,0
2026-05-04 06:45:00+00:00,9994.284050106955,9994.284050106955,0
2026-05-04 07:00:00+00:00,9994.284050106955,9994.284050106955,0
2026-05-04 07:15:00+00:00,9994.284050106955,9994.284050106955,0
2026-05-04 07:30:00+00:00,9994.284050106955,9994.284050106955,0
2026-05-04 07:45:00+00:00,9994.284050106955,9994.284050106955,0
2026-05-04 08:00:00+00:00,9994.284050106955,9994.284050106955,0
2026-05-04 08:15:00+00:00,9994.284050106955,9994.284050106955,0
2026-05-04 08:30:00+00:00,9994.284050106955,9994.284050106955,0
2026-05-04 08:45:00+00:00,9994.284050106955,9994.284050106955,0
2026-05-04 09:00:00+00:00,9994.284050106955,9994.284050106955,0
2026-05-04 09:15:00+00:00,9994.284050106955,9994.284050106955,0
2026-05-04 09:30:00+00:00,9994.284050106955,9994.284050106955,0
2026-05-04 09:45:00+00:00,9994.284050106955,9994.284050106955,0
2026-05-04 10:00:00+00:00,9994.284050106955,9994.284050106955,0
2026-05-04 10:15:00+00:00,9994.284050106955,9994.284050106955,0
2026-05-04 10:30:00+00:00,9994.284050106955,9994.284050106955,0
2026-05-04 10:45:00+00:00,9994.284050106955,9994.284050106955,0
2026-05-04 11:00:00+00:00,9994.284050106955,9994.284050106955,0
2026-05-04 11:15:00+00:00,9994.284050106955,9994.284050106955,0
2026-05-04 11:30:00+00:00,9994.284050106955,9994.284050106955,0
2026-05-04 11:45:00+00:00,9994.284050106955,9994.284050106955,0
2026-05-04 12:00:00+00:00,9994.284050106955,9994.284050106955,0
2026-05-04 12:15:00+00:00,9994.284050106955,9994.284050106955,0
2026-05-04 12:30:00+00:00,9994.284050106955,9994.284050106955,0
2026-05-04 12:45:00+00:00,9994.284050106955,9994.284050106955,0
2026-05-04 13:00:00+00:00,9994.284050106955,9994.284050106955,0
2026-05-04 13:15:00+00:00,9994.284050106955,9994.284050106955,0
2026-05-04 13:30:00+00:00,9994.284050106955,9994.284050106955,0
2026-05-04 13:45:00+00:00,9994.284050106955,9994.284050106955,0
2026-05-04 14:00:00+00:00,9994.284050106955,9994.284050106955,0
2026-05-04 14:15:00+00:00,9994.284050106955,9994.284050106955,0
2026-05-04 14:30:00+00:00,9994.284050106955,9994.284050106955,0
2026-05-04 14:45:00+00:00,9994.284050106955,9994.284050106955,0
2026-05-04 15:00:00+00:00,9994.284050106955,9994.284050106955,0
2026-05-04 15:15:00+00:00,9994.284050106955,9994.284050106955,0
2026-05-04 15:30:00+00:00,9994.284050106955,9994.284050106955,0
2026-05-04 15:45:00+00:00,9994.284050106955,9994.284050106955,0
2026-05-04 16:00:00+00:00,9994.284050106955,9994.284050106955,0
2026-05-04 16:15:00+00:00,9994.284050106955,9994.284050106955,0
2026-05-04 16:30:00+00:00,9994.284050106955,9994.284050106955,0
2026-05-04 16:45:00+00:00,9994.284050106955,9994.284050106955,0
2026-05-04 17:00:00+00:00,9994.284050106955,9994.284050106955,0
2026-05-04 17:15:00+00:00,9994.284050106955,9994.284050106955,0
2026-05-04 17:30:00+00:00,9994.284050106955,9994.284050106955,0
2026-05-04 17:45:00+00:00,9994.284050106955,9994.284050106955,0
2026-05-04 18:00:00+00:00,9994.284050106955,9994.284050106955,0
2026-05-04 18:15:00+00:00,9994.284050106955,9994.284050106955,0
2026-05-04 18:30:00+00:00,9994.284050106955,9994.284050106955,0
2026-05-04 18:45:00+00:00,9994.284050106955,9994.284050106955,0
2026-05-04 19:00:00+00:00,9994.284050106955,9994.284050106955,0
2026-05-04 19:15:00+00:00,9994.284050106955,9994.284050106955,0
2026-05-04 19:30:00+00:00,9994.284050106955,9994.284050106955,0
2026-05-04 19:45:00+00:00,9994.284050106955,9994.284050106955,0
2026-05-04 20:00:00+00:00,9994.284050106955,9994.284050106955,0
2026-05-04 20:15:00+00:00,9994.284050106955,9994.284050106955,0
2026-05-04 20:30:00+00:00,9994.284050106955,9994.284050106955,0
2026-05-04 20:45:00+00:00,9994.284050106955,9994.284050106955,0
2026-05-04 21:00:00+00:00,9994.284050106955,9994.284050106955,0
2026-05-04 21:15:00+00:00,9994.284050106955,9994.284050106955,0
2026-05-04 21:30:00+00:00,9994.284050106955,9994.284050106955,0
2026-05-04 21:45:00+00:00,9994.284050106955,9994.284050106955,0
2026-05-04 22:00:00+00:00,9994.284050106955,9994.284050106955,0
2026-05-04 22:15:00+00:00,9994.284050106955,9994.284050106955,0
2026-05-04 22:30:00+00:00,9994.284050106955,9994.284050106955,0
2026-05-04 22:45:00+00:00,9994.284050106955,9994.284050106955,0
2026-05-04 23:00:00+00:00,9994.284050106955,9994.284050106955,0
2026-05-04 23:15:00+00:00,9994.284050106955,9994.284050106955,0
2026-05-04 23:30:00+00:00,9994.284050106955,9994.284050106955,0
2026-05-04 23:45:00+00:00,9994.284050106955,9994.284050106955,0
2026-05-05 00:00:00+00:00,9994.284050106955,9994.284050106955,0
2026-05-05 00:15:00+00:00,9994.284050106955,9994.284050106955,0
2026-05-05 00:30:00+00:00,9994.284050106955,9994.284050106955,0
2026-05-05 00:45:00+00:00,9994.284050106955,9994.284050106955,0
2026-05-05 01:00:00+00:00,9994.284050106955,9994.284050106955,0
2026-05-05 01:15:00+00:00,9994.284050106955,9994.284050106955,0
2026-05-05 01:30:00+00:00,9994.284050106955,9994.284050106955,0
2026-05-05 01:45:00+00:00,9994.284050106955,9994.284050106955,0
2026-05-05 02:00:00+00:00,9994.284050106955,9994.284050106955,0
2026-05-05 02:15:00+00:00,9994.284050106955,9994.284050106955,0
2026-05-05 02:30:00+00:00,9994.284050106955,9994.284050106955,0
2026-05-05 02:45:00+00:00,9994.284050106955,9994.284050106955,0
2026-05-05 03:00:00+00:00,9994.284050106955,9994.284050106955,0
2026-05-05 03:15:00+00:00,9994.284050106955,9994.284050106955,0
2026-05-05 03:30:00+00:00,9994.284050106955,9994.284050106955,0
2026-05-05 03:45:00+00:00,9994.284050106955,9994.284050106955,0
2026-05-05 04:00:00+00:00,9994.284050106955,9994.284050106955,0
2026-05-05 04:15:00+00:00,9994.284050106955,9994.284050106955,0
2026-05-05 04:30:00+00:00,9994.284050106955,9994.284050106955,0
2026-05-05 04:45:00+00:00,9994.284050106955,9994.284050106955,0
2026-05-05 05:00:00+00:00,9994.284050106955,9994.284050106955,0
2026-05-05 05:15:00+00:00,9994.284050106955,9994.284050106955,0
2026-05-05 05:30:00+00:00,9994.284050106955,9994.284050106955,0
2026-05-05 05:45:00+00:00,9994.284050106955,9994.284050106955,0
2026-05-05 06:00:00+00:00,9994.284050106955,9994.284050106955,0
2026-05-05 06:15:00+00:00,9994.284050106955,9994.284050106955,0
2026-05-05 06:30:00+00:00,9994.284050106955,9994.284050106955,0
2026-05-05 06:45:00+00:00,9994.284050106955,9994.284050106955,0
2026-05-05 07:00:00+00:00,9994.284050106955,9994.284050106955,1
2026-05-05 07:15:00+00:00,9994.284050106955,10002.34701654829,1
2026-05-05 07:30:00+00:00,9994.284050106955,10004.244185122721,1
2026-05-05 07:45:00+00:00,9994.284050106955,10001.872724404682,1
2026-05-05 08:00:00+00:00,9994.284050106955,10007.564230127977,1
2026-05-05 08:15:00+00:00,9994.284050106955,10009.46139870241,1
2026-05-05 08:30:00+00:00,9994.284050106955,10001.872724404682,3
2026-05-05 08:45:00+00:00,9994.284050106955,10025.213141001832,4
2026-05-05 09:00:00+00:00,9994.284050106955,9967.608400561125,4
2026-05-05 09:15:00+00:00,9994.284050106955,9956.428129813057,5
2026-05-05 09:30:00+00:00,9911.792483520294,9880.373321510862,5
2026-05-05 09:45:00+00:00,9911.792483520294,9902.506261443743,5
2026-05-05 10:00:00+00:00,9911.792483520294,9921.545273162226,5
2026-05-05 10:15:00+00:00,9911.792483520294,9948.354787129425,5
2026-05-05 10:30:00+00:00,9928.462630238138,9961.44329365212,3
2026-05-05 10:45:00+00:00,9928.462630238138,9969.143904842356,3
2026-05-05 11:00:00+00:00,9935.101736970244,9952.583006276041,2
2026-05-05 11:15:00+00:00,9935.101736970244,9942.957827135928,2
2026-05-05 11:30:00+00:00,9935.101736970244,9960.16042390582,2
2026-05-05 11:45:00+00:00,9935.101736970244,9966.939850184284,2
2026-05-05 12:00:00+00:00,9946.026231029982,9960.729287481829,1
2026-05-05 12:15:00+00:00,9946.026231029982,9967.843669635948,1
2026-05-05 12:30:00+00:00,9963.954882725413,9963.954882725413,0
2026-05-05 12:45:00+00:00,9963.954882725413,9963.954882725413,0
2026-05-05 13:00:00+00:00,9963.954882725413,9963.954882725413,0
2026-05-05 13:15:00+00:00,9963.954882725413,9963.954882725413,0
2026-05-05 13:30:00+00:00,9963.954882725413,9963.954882725413,0
2026-05-05 13:45:00+00:00,9963.954882725413,9963.954882725413,0
2026-05-05 14:00:00+00:00,9963.954882725413,9963.954882725413,0
2026-05-05 14:15:00+00:00,9963.954882725413,9963.954882725413,0
2026-05-05 14:30:00+00:00,9963.954882725413,9963.954882725413,0
2026-05-05 14:45:00+00:00,9963.954882725413,9963.954882725413,0
2026-05-05 15:00:00+00:00,9963.954882725413,9963.954882725413,0
2026-05-05 15:15:00+00:00,9963.954882725413,9963.954882725413,0
2026-05-05 15:30:00+00:00,9963.954882725413,9963.954882725413,0
2026-05-05 15:45:00+00:00,9963.954882725413,9963.954882725413,0
2026-05-05 16:00:00+00:00,9963.954882725413,9963.954882725413,0
2026-05-05 16:15:00+00:00,9963.954882725413,9963.954882725413,0
2026-05-05 16:30:00+00:00,9963.954882725413,9963.954882725413,0
2026-05-05 16:45:00+00:00,9963.954882725413,9963.954882725413,0
2026-05-05 17:00:00+00:00,9963.954882725413,9963.954882725413,0
2026-05-05 17:15:00+00:00,9963.954882725413,9963.954882725413,0
2026-05-05 17:30:00+00:00,9963.954882725413,9963.954882725413,0
2026-05-05 17:45:00+00:00,9963.954882725413,9963.954882725413,0
2026-05-05 18:00:00+00:00,9963.954882725413,9963.954882725413,0
2026-05-05 18:15:00+00:00,9963.954882725413,9963.954882725413,0
2026-05-05 18:30:00+00:00,9963.954882725413,9963.954882725413,0
2026-05-05 18:45:00+00:00,9963.954882725413,9963.954882725413,0
2026-05-05 19:00:00+00:00,9963.954882725413,9963.954882725413,0
2026-05-05 19:15:00+00:00,9963.954882725413,9963.954882725413,0
2026-05-05 19:30:00+00:00,9963.954882725413,9963.954882725413,0
2026-05-05 19:45:00+00:00,9963.954882725413,9963.954882725413,0
2026-05-05 20:00:00+00:00,9963.954882725413,9963.954882725413,0
2026-05-05 20:15:00+00:00,9963.954882725413,9963.954882725413,0
2026-05-05 20:30:00+00:00,9963.954882725413,9963.954882725413,0
2026-05-05 20:45:00+00:00,9963.954882725413,9963.954882725413,0
2026-05-05 21:00:00+00:00,9963.954882725413,9963.954882725413,1
2026-05-05 21:15:00+00:00,9963.954882725413,9958.11417527049,1
2026-05-05 21:30:00+00:00,9963.954882725413,9976.220368380751,1
2026-05-05 21:45:00+00:00,9990.625654530399,9990.625654530399,0
2026-05-05 22:00:00+00:00,9990.625654530399,9990.625654530399,0
2026-05-05 22:15:00+00:00,9990.625654530399,9990.625654530399,0
2026-05-05 22:30:00+00:00,9990.625654530399,9990.625654530399,0
2026-05-05 22:45:00+00:00,9990.625654530399,9990.625654530399,0
2026-05-05 23:00:00+00:00,9990.625654530399,9990.625654530399,0
2026-05-05 23:15:00+00:00,9990.625654530399,9990.625654530399,0
2026-05-05 23:30:00+00:00,9990.625654530399,9990.625654530399,1
2026-05-05 23:45:00+00:00,9990.625654530399,9994.401133650654,1
2026-05-06 00:00:00+00:00,9990.625654530399,9996.760808100813,1
2026-05-06 00:15:00+00:00,9990.625654530399,9979.299217169633,1
2026-05-06 00:30:00+00:00,9990.625654530399,9977.411477609505,1
2026-05-06 00:45:00+00:00,9990.625654530399,9986.378240520113,1
2026-05-06 01:00:00+00:00,9990.625654530399,9997.704677880878,1
2026-05-06 01:15:00+00:00,9990.625654530399,10014.694333922027,1
2026-05-06 01:30:00+00:00,9990.625654530399,10010.91885480177,1
2026-05-06 01:45:00+00:00,9990.625654530399,10019.413682822345,1
2026-05-06 02:00:00+00:00,9990.625654530399,10010.91885480177,1
2026-05-06 02:15:00+00:00,9990.625654530399,9992.985328980558,1
2026-05-06 02:30:00+00:00,9990.625654530399,9993.45726387059,1
2026-05-06 02:45:00+00:00,9990.625654530399,10011.390789691803,1
2026-05-06 03:00:00+00:00,10016.502461568636,10016.502461568636,0
2026-05-06 03:15:00+00:00,10016.502461568636,10016.502461568636,0
2026-05-06 03:30:00+00:00,10016.502461568636,10016.502461568636,0
2026-05-06 03:45:00+00:00,10016.502461568636,10016.502461568636,0
2026-05-06 04:00:00+00:00,10016.502461568636,10016.502461568636,0
2026-05-06 04:15:00+00:00,10016.502461568636,10016.502461568636,0
2026-05-06 04:30:00+00:00,10016.502461568636,10016.502461568636,0
2026-05-06 04:45:00+00:00,10016.502461568636,10016.502461568636,0
2026-05-06 05:00:00+00:00,10016.502461568636,10016.502461568636,0
2026-05-06 05:15:00+00:00,10016.502461568636,10016.502461568636,0
2026-05-06 05:30:00+00:00,10016.502461568636,10016.502461568636,0
2026-05-06 05:45:00+00:00,10016.502461568636,10016.502461568636,0
2026-05-06 06:00:00+00:00,10016.502461568636,10016.502461568636,0
2026-05-06 06:15:00+00:00,10016.502461568636,10016.502461568636,0
2026-05-06 06:30:00+00:00,10016.502461568636,10016.502461568636,0
2026-05-06 06:45:00+00:00,10016.502461568636,10016.502461568636,0
2026-05-06 07:00:00+00:00,10016.502461568636,10016.502461568636,0
2026-05-06 07:15:00+00:00,10016.502461568636,10016.502461568636,0
2026-05-06 07:30:00+00:00,10016.502461568636,10016.502461568636,0
2026-05-06 07:45:00+00:00,10016.502461568636,10016.502461568636,0
2026-05-06 08:00:00+00:00,10016.502461568636,10016.502461568636,0
2026-05-06 08:15:00+00:00,10016.502461568636,10016.502461568636,0
2026-05-06 08:30:00+00:00,10016.502461568636,10016.502461568636,0
2026-05-06 08:45:00+00:00,10016.502461568636,10016.502461568636,0
2026-05-06 09:00:00+00:00,10016.502461568636,10016.502461568636,0
2026-05-06 09:15:00+00:00,10016.502461568636,10016.502461568636,0
2026-05-06 09:30:00+00:00,10016.502461568636,10016.502461568636,0
2026-05-06 09:45:00+00:00,10016.502461568636,10016.502461568636,0
2026-05-06 10:00:00+00:00,10016.502461568636,10016.502461568636,0
2026-05-06 10:15:00+00:00,10016.502461568636,10016.502461568636,0
2026-05-06 10:30:00+00:00,10016.502461568636,10016.502461568636,0
2026-05-06 10:45:00+00:00,10016.502461568636,10016.502461568636,0
2026-05-06 11:00:00+00:00,10016.502461568636,10016.502461568636,0
2026-05-06 11:15:00+00:00,10016.502461568636,10016.502461568636,0
2026-05-06 11:30:00+00:00,10016.502461568636,10016.502461568636,0
2026-05-06 11:45:00+00:00,10016.502461568636,10016.502461568636,0
2026-05-06 12:00:00+00:00,10016.502461568636,10016.502461568636,0
2026-05-06 12:15:00+00:00,10016.502461568636,10016.502461568636,0
2026-05-06 12:30:00+00:00,10016.502461568636,10016.502461568636,0
2026-05-06 12:45:00+00:00,10016.502461568636,10016.502461568636,0
2026-05-06 13:00:00+00:00,10016.502461568636,10016.502461568636,0
2026-05-06 13:15:00+00:00,10016.502461568636,10016.502461568636,0
2026-05-06 13:30:00+00:00,10016.502461568636,10016.502461568636,0
2026-05-06 13:45:00+00:00,10016.502461568636,10016.502461568636,0
2026-05-06 14:00:00+00:00,10016.502461568636,10016.502461568636,0
2026-05-06 14:15:00+00:00,10016.502461568636,10016.502461568636,0
2026-05-06 14:30:00+00:00,10016.502461568636,10016.502461568636,0
2026-05-06 14:45:00+00:00,10016.502461568636,10016.502461568636,0
2026-05-06 15:00:00+00:00,10016.502461568636,10016.502461568636,0
2026-05-06 15:15:00+00:00,10016.502461568636,10016.502461568636,0
2026-05-06 15:30:00+00:00,10016.502461568636,10016.502461568636,0
2026-05-06 15:45:00+00:00,10016.502461568636,10016.502461568636,0
2026-05-06 16:00:00+00:00,10016.502461568636,10016.502461568636,0
2026-05-06 16:15:00+00:00,10016.502461568636,10016.502461568636,0
2026-05-06 16:30:00+00:00,10016.502461568636,10016.502461568636,0
2026-05-06 16:45:00+00:00,10016.502461568636,10016.502461568636,0
2026-05-06 17:00:00+00:00,10016.502461568636,10016.502461568636,0
2026-05-06 17:15:00+00:00,10016.502461568636,10016.502461568636,0
2026-05-06 17:30:00+00:00,10016.502461568636,10016.502461568636,0
2026-05-06 17:45:00+00:00,10016.502461568636,10016.502461568636,0
2026-05-06 18:00:00+00:00,10016.502461568636,10016.502461568636,0
2026-05-06 18:15:00+00:00,10016.502461568636,10016.502461568636,0
2026-05-06 18:30:00+00:00,10016.502461568636,10016.502461568636,0
2026-05-06 18:45:00+00:00,10016.502461568636,10016.502461568636,0
2026-05-06 19:00:00+00:00,10016.502461568636,10016.502461568636,0
2026-05-06 19:15:00+00:00,10016.502461568636,10016.502461568636,0
2026-05-06 19:30:00+00:00,10016.502461568636,10016.502461568636,0
2026-05-06 19:45:00+00:00,10016.502461568636,10016.502461568636,0
2026-05-06 20:00:00+00:00,10016.502461568636,10016.502461568636,1
2026-05-06 20:15:00+00:00,10016.502461568636,10014.969401654105,1
2026-05-06 20:30:00+00:00,10016.502461568636,9999.809142499307,1
2026-05-06 20:45:00+00:00,10016.502461568636,10009.348181967496,1
2026-05-06 21:00:00+00:00,10016.502461568636,10003.698572282468,1
2026-05-06 21:15:00+00:00,10016.502461568636,10011.931671823464,1
2026-05-06 21:30:00+00:00,10016.502461568636,10023.00377120618,1
2026-05-06 21:45:00+00:00,10016.502461568636,10020.164771364458,1
2026-05-06 22:00:00+00:00,10016.502461568636,10009.092671981742,1
2026-05-06 22:15:00+00:00,10016.502461568636,9994.415042800036,1
2026-05-06 22:30:00+00:00,10016.502461568636,10002.108732371104,1
2026-05-06 22:45:00+00:00,10016.502461568636,9999.326512526215,1
2026-05-06 23:00:00+00:00,9967.020190236175,9967.020190236175,1
2026-05-06 23:15:00+00:00,9967.020190236175,9981.33994931221,1
2026-05-06 23:30:00+00:00,9967.020190236175,9979.355032212561,1
2026-05-06 23:45:00+00:00,9967.020190236175,9985.054579884409,1
2026-05-07 00:00:00+00:00,9967.020190236175,9982.4458316963,1
2026-05-07 00:15:00+00:00,9967.020190236175,9966.82169852621,1
2026-05-07 00:30:00+00:00,9967.020190236175,9944.335423383052,1
2026-05-07 00:45:00+00:00,9920.668397411402,9920.668397411402,0
2026-05-07 01:00:00+00:00,9920.668397411402,9920.668397411402,0
2026-05-07 01:15:00+00:00,9920.668397411402,9920.668397411402,0
2026-05-07 01:30:00+00:00,9920.668397411402,9920.668397411402,0
2026-05-07 01:45:00+00:00,9920.668397411402,9920.668397411402,0
2026-05-07 02:00:00+00:00,9920.668397411402,9920.668397411402,0
2026-05-07 02:15:00+00:00,9920.668397411402,9920.668397411402,0
2026-05-07 02:30:00+00:00,9920.668397411402,9920.668397411402,0
2026-05-07 02:45:00+00:00,9920.668397411402,9920.668397411402,0
2026-05-07 03:00:00+00:00,9920.668397411402,9920.668397411402,0
2026-05-07 03:15:00+00:00,9920.668397411402,9920.668397411402,0
2026-05-07 03:30:00+00:00,9920.668397411402,9920.668397411402,0
2026-05-07 03:45:00+00:00,9920.668397411402,9920.668397411402,0
2026-05-07 04:00:00+00:00,9920.668397411402,9920.668397411402,0
2026-05-07 04:15:00+00:00,9920.668397411402,9920.668397411402,0
2026-05-07 04:30:00+00:00,9920.668397411402,9920.668397411402,0
2026-05-07 04:45:00+00:00,9920.668397411402,9920.668397411402,0
2026-05-07 05:00:00+00:00,9920.668397411402,9920.668397411402,0
2026-05-07 05:15:00+00:00,9920.668397411402,9920.668397411402,0
2026-05-07 05:30:00+00:00,9920.668397411402,9920.668397411402,0
2026-05-07 05:45:00+00:00,9920.668397411402,9920.668397411402,0
2026-05-07 06:00:00+00:00,9920.668397411402,9920.668397411402,0
2026-05-07 06:15:00+00:00,9920.668397411402,9920.668397411402,0
2026-05-07 06:30:00+00:00,9920.668397411402,9920.668397411402,0
2026-05-07 06:45:00+00:00,9920.668397411402,9920.668397411402,0
2026-05-07 07:00:00+00:00,9920.668397411402,9920.668397411402,0
2026-05-07 07:15:00+00:00,9920.668397411402,9920.668397411402,0
2026-05-07 07:30:00+00:00,9920.668397411402,9920.668397411402,0
2026-05-07 07:45:00+00:00,9920.668397411402,9920.668397411402,0
2026-05-07 08:00:00+00:00,9920.668397411402,9920.668397411402,0
2026-05-07 08:15:00+00:00,9920.668397411402,9920.668397411402,0
2026-05-07 08:30:00+00:00,9920.668397411402,9920.668397411402,0
2026-05-07 08:45:00+00:00,9920.668397411402,9920.668397411402,0
2026-05-07 09:00:00+00:00,9920.668397411402,9920.668397411402,0
2026-05-07 09:15:00+00:00,9920.668397411402,9920.668397411402,0
2026-05-07 09:30:00+00:00,9920.668397411402,9920.668397411402,0
2026-05-07 09:45:00+00:00,9920.668397411402,9920.668397411402,0
2026-05-07 10:00:00+00:00,9920.668397411402,9920.668397411402,0
2026-05-07 10:15:00+00:00,9920.668397411402,9920.668397411402,0
2026-05-07 10:30:00+00:00,9920.668397411402,9920.668397411402,0
2026-05-07 10:45:00+00:00,9920.668397411402,9920.668397411402,0
2026-05-07 11:00:00+00:00,9920.668397411402,9920.668397411402,0
2026-05-07 11:15:00+00:00,9920.668397411402,9920.668397411402,0
2026-05-07 11:30:00+00:00,9920.668397411402,9920.668397411402,0
2026-05-07 11:45:00+00:00,9920.668397411402,9920.668397411402,0
2026-05-07 12:00:00+00:00,9920.668397411402,9920.668397411402,0
2026-05-07 12:15:00+00:00,9920.668397411402,9920.668397411402,0
2026-05-07 12:30:00+00:00,9920.668397411402,9920.668397411402,0
2026-05-07 12:45:00+00:00,9920.668397411402,9920.668397411402,0
2026-05-07 13:00:00+00:00,9920.668397411402,9920.668397411402,0
2026-05-07 13:15:00+00:00,9920.668397411402,9920.668397411402,0
2026-05-07 13:30:00+00:00,9920.668397411402,9920.668397411402,0
2026-05-07 13:45:00+00:00,9920.668397411402,9920.668397411402,0
2026-05-07 14:00:00+00:00,9920.668397411402,9920.668397411402,0
2026-05-07 14:15:00+00:00,9920.668397411402,9920.668397411402,0
2026-05-07 14:30:00+00:00,9920.668397411402,9920.668397411402,0
2026-05-07 14:45:00+00:00,9920.668397411402,9920.668397411402,0
2026-05-07 15:00:00+00:00,9920.668397411402,9920.668397411402,0
2026-05-07 15:15:00+00:00,9920.668397411402,9920.668397411402,0
2026-05-07 15:30:00+00:00,9920.668397411402,9920.668397411402,0
2026-05-07 15:45:00+00:00,9920.668397411402,9920.668397411402,0
2026-05-07 16:00:00+00:00,9920.668397411402,9920.668397411402,0
2026-05-07 16:15:00+00:00,9920.668397411402,9920.668397411402,0
2026-05-07 16:30:00+00:00,9920.668397411402,9920.668397411402,0
2026-05-07 16:45:00+00:00,9920.668397411402,9920.668397411402,0
2026-05-07 17:00:00+00:00,9920.668397411402,9920.668397411402,0
2026-05-07 17:15:00+00:00,9920.668397411402,9920.668397411402,0
2026-05-07 17:30:00+00:00,9920.668397411402,9920.668397411402,0
2026-05-07 17:45:00+00:00,9920.668397411402,9920.668397411402,0
2026-05-07 18:00:00+00:00,9920.668397411402,9920.668397411402,0
2026-05-07 18:15:00+00:00,9920.668397411402,9920.668397411402,0
2026-05-07 18:30:00+00:00,9920.668397411402,9920.668397411402,0
2026-05-07 18:45:00+00:00,9920.668397411402,9920.668397411402,0
2026-05-07 19:00:00+00:00,9920.668397411402,9920.668397411402,0
2026-05-07 19:15:00+00:00,9920.668397411402,9920.668397411402,0
2026-05-07 19:30:00+00:00,9920.668397411402,9920.668397411402,0
2026-05-07 19:45:00+00:00,9920.668397411402,9920.668397411402,0
2026-05-07 20:00:00+00:00,9920.668397411402,9920.668397411402,1
2026-05-07 20:15:00+00:00,9920.668397411402,9922.09696223211,1
2026-05-07 20:30:00+00:00,9920.668397411402,9902.573243015759,1
2026-05-07 20:45:00+00:00,9872.949697274913,9872.949697274913,1
2026-05-07 21:00:00+00:00,9872.949697274913,9872.473330012494,1
2026-05-07 21:15:00+00:00,9872.949697274913,9890.098918722015,1
2026-05-07 21:30:00+00:00,9872.949697274913,9883.90614431056,1
2026-05-07 21:45:00+00:00,9872.949697274913,9878.666104423946,1
2026-05-07 22:00:00+00:00,9872.949697274913,9879.142471686366,1
2026-05-07 22:15:00+00:00,9872.949697274913,9882.953409785721,1
2026-05-07 22:30:00+00:00,9872.949697274913,9876.76063537427,1
2026-05-07 22:45:00+00:00,9872.949697274913,9884.382511572981,1
2026-05-07 23:00:00+00:00,9872.949697274913,9890.098918722015,1
2026-05-07 23:15:00+00:00,9872.949697274913,9889.622551459595,1
2026-05-07 23:30:00+00:00,9872.949697274913,9895.338958608629,1
2026-05-07 23:45:00+00:00,9872.949697274913,9893.43348955895,1
2026-05-08 00:00:00+00:00,9872.949697274913,9902.0081002825,1
2026-05-08 00:15:00+00:00,9872.949697274913,9898.197162183145,1
2026-05-08 00:30:00+00:00,9872.949697274913,9892.957122296531,1
2026-05-08 00:45:00+00:00,9872.949697274913,9887.717082409918,1
2026-05-08 01:00:00+00:00,9872.949697274913,9876.28426811185,1
2026-05-08 01:15:00+00:00,9872.949697274913,9884.8588788354,1
2026-05-08 01:30:00+00:00,9872.949697274913,9884.8588788354,1
2026-05-08 01:45:00+00:00,9872.949697274913,9888.669816934756,1
2026-05-08 02:00:00+00:00,9872.949697274913,9879.142471686366,1
2026-05-08 02:15:00+00:00,9872.949697274913,9872.949697274913,1
2026-05-08 02:30:00+00:00,9872.949697274913,9880.571573473624,1
2026-05-08 02:45:00+00:00,9872.949697274913,9877.713369899107,1
2026-05-08 03:00:00+00:00,9872.949697274913,9872.949697274913,1
2026-05-08 03:15:00+00:00,9872.949697274913,9884.8588788354,1
2026-05-08 03:30:00+00:00,9872.949697274913,9893.43348955895,1
2026-05-08 03:45:00+00:00,9872.949697274913,9886.764347885079,1
2026-05-08 04:00:00+00:00,9872.949697274913,9891.528020509273,1
2026-05-08 04:15:00+00:00,9872.949697274913,9894.38622408379,1
2026-05-08 04:30:00+00:00,9872.949697274913,9880.571573473624,1
2026-05-08 04:45:00+00:00,9872.949697274913,9889.622551459595,1
2026-05-08 05:00:00+00:00,9872.949697274913,9889.622551459595,1
2026-05-08 05:15:00+00:00,9872.949697274913,9888.193449672337,1
2026-05-08 05:30:00+00:00,9872.949697274913,9896.291693133468,1
2026-05-08 05:45:00+00:00,9872.949697274913,9876.28426811185,1
2026-05-08 06:00:00+00:00,9872.949697274913,9875.331533587012,1
2026-05-08 06:15:00+00:00,9872.949697274913,9851.036803203617,1
2026-05-08 06:30:00+00:00,9872.949697274913,9866.28055560104,1
2026-05-08 06:45:00+00:00,9872.949697274913,9869.615126437977,1
2026-05-08 07:00:00+00:00,9872.949697274913,9862.469617501685,4
2026-05-08 07:15:00+00:00,9872.949697274913,9875.574162248658,4
2026-05-08 07:30:00+00:00,9901.012194100429,9925.830206292547,3
2026-05-08 07:45:00+00:00,9913.901101499727,9926.53551759853,3
2026-05-08 08:00:00+00:00,9913.901101499727,9932.752275832943,4
2026-05-08 08:15:00+00:00,9913.901101499727,9934.525801132488,4
2026-05-08 08:30:00+00:00,9913.901101499727,9984.220858083318,4
2026-05-08 08:45:00+00:00,9953.347342787572,9984.421867459436,2
2026-05-08 09:00:00+00:00,9953.347342787572,10004.199132282372,2
2026-05-08 09:15:00+00:00,9985.153358250742,9985.153358250742,0
2026-05-08 09:30:00+00:00,9985.153358250742,9985.153358250742,0
2026-05-08 09:45:00+00:00,9985.153358250742,9985.153358250742,0
2026-05-08 10:00:00+00:00,9985.153358250742,9985.153358250742,0
2026-05-08 10:15:00+00:00,9985.153358250742,9985.153358250742,0
2026-05-08 10:30:00+00:00,9985.153358250742,9985.153358250742,0
2026-05-08 10:45:00+00:00,9985.153358250742,9985.153358250742,0
2026-05-08 11:00:00+00:00,9985.153358250742,9985.153358250742,0
2026-05-08 11:15:00+00:00,9985.153358250742,9985.153358250742,0
2026-05-08 11:30:00+00:00,9985.153358250742,9985.153358250742,0
2026-05-08 11:45:00+00:00,9985.153358250742,9985.153358250742,0
2026-05-08 12:00:00+00:00,9985.153358250742,9985.153358250742,0
2026-05-08 12:15:00+00:00,9985.153358250742,9985.153358250742,0
2026-05-08 12:30:00+00:00,9985.153358250742,9985.153358250742,0
2026-05-08 12:45:00+00:00,9985.153358250742,9985.153358250742,0
2026-05-08 13:00:00+00:00,9985.153358250742,9985.153358250742,0
2026-05-08 13:15:00+00:00,9985.153358250742,9985.153358250742,0
2026-05-08 13:30:00+00:00,9985.153358250742,9985.153358250742,0
2026-05-08 13:45:00+00:00,9985.153358250742,9985.153358250742,0
2026-05-08 14:00:00+00:00,9985.153358250742,9985.153358250742,0
2026-05-08 14:15:00+00:00,9985.153358250742,9985.153358250742,0
2026-05-08 14:30:00+00:00,9985.153358250742,9985.153358250742,0
2026-05-08 14:45:00+00:00,9985.153358250742,9985.153358250742,0
2026-05-08 15:00:00+00:00,9985.153358250742,9985.153358250742,0
2026-05-08 15:15:00+00:00,9985.153358250742,9985.153358250742,0
2026-05-08 15:30:00+00:00,9985.153358250742,9985.153358250742,0
2026-05-08 15:45:00+00:00,9985.153358250742,9985.153358250742,0
2026-05-08 16:00:00+00:00,9985.153358250742,9985.153358250742,0
2026-05-08 16:15:00+00:00,9985.153358250742,9985.153358250742,0
2026-05-08 16:30:00+00:00,9985.153358250742,9985.153358250742,0
2026-05-08 16:45:00+00:00,9985.153358250742,9985.153358250742,0
2026-05-08 17:00:00+00:00,9985.153358250742,9985.153358250742,0
2026-05-08 17:15:00+00:00,9985.153358250742,9985.153358250742,0
2026-05-08 17:30:00+00:00,9985.153358250742,9985.153358250742,0
2026-05-08 17:45:00+00:00,9985.153358250742,9985.153358250742,0
2026-05-08 18:00:00+00:00,9985.153358250742,9985.153358250742,0
2026-05-08 18:15:00+00:00,9985.153358250742,9985.153358250742,0
2026-05-08 18:30:00+00:00,9985.153358250742,9985.153358250742,0
2026-05-08 18:45:00+00:00,9985.153358250742,9985.153358250742,0
2026-05-08 19:00:00+00:00,9985.153358250742,9985.153358250742,0
2026-05-08 19:15:00+00:00,9985.153358250742,9985.153358250742,0
2026-05-08 19:30:00+00:00,9985.153358250742,9985.153358250742,0
2026-05-08 19:45:00+00:00,9985.153358250742,9985.153358250742,0
2026-05-08 20:00:00+00:00,9985.153358250742,9985.153358250742,0
2026-05-08 20:15:00+00:00,9985.153358250742,9985.153358250742,0
2026-05-08 20:30:00+00:00,9985.153358250742,9985.153358250742,0
2026-05-08 20:45:00+00:00,9985.153358250742,9985.153358250742,0
2026-05-08 21:00:00+00:00,9985.153358250742,9985.153358250742,0
2026-05-08 21:15:00+00:00,9985.153358250742,9985.153358250742,0
2026-05-08 21:30:00+00:00,9985.153358250742,9985.153358250742,0
2026-05-08 21:45:00+00:00,9985.153358250742,9985.153358250742,0
2026-05-08 22:00:00+00:00,9985.153358250742,9985.153358250742,0
2026-05-08 22:15:00+00:00,9985.153358250742,9985.153358250742,0
2026-05-08 22:30:00+00:00,9985.153358250742,9985.153358250742,0
2026-05-08 22:45:00+00:00,9985.153358250742,9985.153358250742,0
2026-05-08 23:00:00+00:00,9985.153358250742,9985.153358250742,0
2026-05-08 23:15:00+00:00,9985.153358250742,9985.153358250742,0
2026-05-08 23:30:00+00:00,9985.153358250742,9985.153358250742,1
2026-05-08 23:45:00+00:00,9985.153358250742,9991.11305091422,1
2026-05-09 00:00:00+00:00,9985.153358250742,9988.079176685254,1
2026-05-09 00:15:00+00:00,9985.153358250742,9986.67445135732,1
2026-05-09 00:30:00+00:00,9985.153358250742,9990.356660353025,1
2026-05-09 00:45:00+00:00,9985.153358250742,9993.473654423882,1
2026-05-09 01:00:00+00:00,9985.153358250742,10001.66095885,1
2026-05-09 01:15:00+00:00,9988.538611828211,9988.538611828211,0
2026-05-09 01:30:00+00:00,9988.538611828211,9988.538611828211,0
2026-05-09 01:45:00+00:00,9988.538611828211,9988.538611828211,0
2026-05-09 02:00:00+00:00,9988.538611828211,9988.538611828211,0
2026-05-09 02:15:00+00:00,9988.538611828211,9988.538611828211,0
2026-05-09 02:30:00+00:00,9988.538611828211,9988.538611828211,0
2026-05-09 02:45:00+00:00,9988.538611828211,9988.538611828211,0
2026-05-09 03:00:00+00:00,9988.538611828211,9988.538611828211,0
2026-05-09 03:15:00+00:00,9988.538611828211,9988.538611828211,0
2026-05-09 03:30:00+00:00,9988.538611828211,9988.538611828211,0
2026-05-09 03:45:00+00:00,9988.538611828211,9988.538611828211,0
2026-05-09 04:00:00+00:00,9988.538611828211,9988.538611828211,0
2026-05-09 04:15:00+00:00,9988.538611828211,9988.538611828211,0
2026-05-09 04:30:00+00:00,9988.538611828211,9988.538611828211,0
2026-05-09 04:45:00+00:00,9988.538611828211,9988.538611828211,0
2026-05-09 05:00:00+00:00,9988.538611828211,9988.538611828211,0
2026-05-09 05:15:00+00:00,9988.538611828211,9988.538611828211,0
2026-05-09 05:30:00+00:00,9988.538611828211,9988.538611828211,0
2026-05-09 05:45:00+00:00,9988.538611828211,9988.538611828211,0
2026-05-09 06:00:00+00:00,9988.538611828211,9988.538611828211,0
2026-05-09 06:15:00+00:00,9988.538611828211,9988.538611828211,0
2026-05-09 06:30:00+00:00,9988.538611828211,9988.538611828211,0
2026-05-09 06:45:00+00:00,9988.538611828211,9988.538611828211,0
2026-05-09 07:00:00+00:00,9988.538611828211,9988.538611828211,0
2026-05-09 07:15:00+00:00,9988.538611828211,9988.538611828211,0
2026-05-09 07:30:00+00:00,9988.538611828211,9988.538611828211,1
2026-05-09 07:45:00+00:00,9988.538611828211,9988.538611828211,1
2026-05-09 08:00:00+00:00,9988.538611828211,9994.93537046531,2
2026-05-09 08:15:00+00:00,9988.538611828211,9998.091931257159,2
2026-05-09 08:30:00+00:00,9988.538611828211,9987.514303915395,2
2026-05-09 08:45:00+00:00,9988.538611828211,9987.347029808594,2
2026-05-09 09:00:00+00:00,9988.538611828211,9965.648298272192,3
2026-05-09 09:15:00+00:00,9988.538611828211,9946.542905779741,3
2026-05-09 09:30:00+00:00,9988.538611828211,9948.441106102931,3
2026-05-09 09:45:00+00:00,9988.538611828211,9943.791320129778,3
2026-05-09 10:00:00+00:00,9988.538611828211,9935.763612400584,3
2026-05-09 10:15:00+00:00,9988.538611828211,9931.617966536809,3
2026-05-09 10:30:00+00:00,9988.538611828211,9957.468325816822,3
2026-05-09 10:45:00+00:00,9988.538611828211,9943.006425040858,3
2026-05-09 11:00:00+00:00,9988.538611828211,9969.317039575497,3
2026-05-09 11:15:00+00:00,9988.538611828211,9982.783561022869,3
2026-05-09 11:30:00+00:00,9988.538611828211,9972.47375655576,3
2026-05-09 11:45:00+00:00,9988.538611828211,9974.631945508161,3
2026-05-09 12:00:00+00:00,9988.538611828211,9961.364150697425,3
2026-05-09 12:15:00+00:00,9988.538611828211,9978.723348326128,3
2026-05-09 12:30:00+00:00,9988.538611828211,9961.725603329609,3
2026-05-09 12:45:00+00:00,9988.538611828211,9966.767326119563,3
2026-05-09 13:00:00+00:00,9988.538611828211,9955.027563875874,3
2026-05-09 13:15:00+00:00,9988.538611828211,9929.994330014812,3
2026-05-09 13:30:00+00:00,9988.538611828211,9935.936246775436,3
2026-05-09 13:45:00+00:00,9988.538611828211,9957.145794472992,3
2026-05-09 14:00:00+00:00,9988.538611828211,9928.86658704348,3
2026-05-09 14:15:00+00:00,9844.024949370556,9844.024949370556,0
2026-05-09 14:30:00+00:00,9844.024949370556,9844.024949370556,0
2026-05-09 14:45:00+00:00,9844.024949370556,9844.024949370556,0
2026-05-09 15:00:00+00:00,9844.024949370556,9844.024949370556,0
2026-05-09 15:15:00+00:00,9844.024949370556,9844.024949370556,0
2026-05-09 15:30:00+00:00,9844.024949370556,9844.024949370556,0
2026-05-09 15:45:00+00:00,9844.024949370556,9844.024949370556,0
2026-05-09 16:00:00+00:00,9844.024949370556,9844.024949370556,0
2026-05-09 16:15:00+00:00,9844.024949370556,9844.024949370556,0
2026-05-09 16:30:00+00:00,9844.024949370556,9844.024949370556,0
2026-05-09 16:45:00+00:00,9844.024949370556,9844.024949370556,0
2026-05-09 17:00:00+00:00,9844.024949370556,9844.024949370556,0
2026-05-09 17:15:00+00:00,9844.024949370556,9844.024949370556,0
2026-05-09 17:30:00+00:00,9844.024949370556,9844.024949370556,0
2026-05-09 17:45:00+00:00,9844.024949370556,9844.024949370556,0
2026-05-09 18:00:00+00:00,9844.024949370556,9844.024949370556,0
2026-05-09 18:15:00+00:00,9844.024949370556,9844.024949370556,0
2026-05-09 18:30:00+00:00,9844.024949370556,9844.024949370556,0
2026-05-09 18:45:00+00:00,9844.024949370556,9844.024949370556,0
2026-05-09 19:00:00+00:00,9844.024949370556,9844.024949370556,0
2026-05-09 19:15:00+00:00,9844.024949370556,9844.024949370556,0
2026-05-09 19:30:00+00:00,9844.024949370556,9844.024949370556,0
2026-05-09 19:45:00+00:00,9844.024949370556,9844.024949370556,0
2026-05-09 20:00:00+00:00,9844.024949370556,9844.024949370556,0
2026-05-09 20:15:00+00:00,9844.024949370556,9844.024949370556,0
2026-05-09 20:30:00+00:00,9844.024949370556,9844.024949370556,0
2026-05-09 20:45:00+00:00,9844.024949370556,9844.024949370556,0
2026-05-09 21:00:00+00:00,9844.024949370556,9844.024949370556,0
2026-05-09 21:15:00+00:00,9844.024949370556,9844.024949370556,0
2026-05-09 21:30:00+00:00,9844.024949370556,9844.024949370556,0
2026-05-09 21:45:00+00:00,9844.024949370556,9844.024949370556,0
2026-05-09 22:00:00+00:00,9844.024949370556,9844.024949370556,0
2026-05-09 22:15:00+00:00,9844.024949370556,9844.024949370556,0
2026-05-09 22:30:00+00:00,9844.024949370556,9844.024949370556,0
2026-05-09 22:45:00+00:00,9844.024949370556,9844.024949370556,0
2026-05-09 23:00:00+00:00,9844.024949370556,9844.024949370556,0
2026-05-09 23:15:00+00:00,9844.024949370556,9844.024949370556,0
2026-05-09 23:30:00+00:00,9844.024949370556,9844.024949370556,0
2026-05-09 23:45:00+00:00,9844.024949370556,9844.024949370556,0
2026-05-10 00:00:00+00:00,9844.024949370556,9844.024949370556,0
