id,signal_id,symbol,signal_bar_utc,scan_time_utc,entry_price_planned,entry_price_actual,sl_price,tp_price,qty_contracts,leveraged_notional,confidence,funding_rate_at_entry,oi_delta_at_entry,exit_price,exit_reason,exit_time_utc,bars_held,hours_held,gross_pnl_pct,gross_pnl_usd,entry_fee,exit_fee,fees_total,funding_events,funding_total,slippage_pct,slippage_usd,max_adverse_excursion_pct,max_favorable_excursion_pct,net_pnl_pct,net_pnl_usd,risk_reward_actual,sharpe_contribution,vs_backtest_expectation,status,notes,created_at,updated_at,margin_required,open_fee,close_fee,cumulative_funding,leverage,side,funding_cost,liquidation_price,maintenance_margin,last_funding_settlement_utc,mark_price_at_entry,sl_original,atr_at_entry,entry_rsi,entry_adx,entry_session,entry_strategy,entry_regime,calibrated_prob,bybit_order_id,bybit_qty,bybit_entry_price,bybit_sl_price,bybit_tp_price,bybit_status,bybit_close_price,bybit_pnl_usd,bybit_pnl_pct,bybit_account_balance,bybit_risk_pct,bybit_dollar_risk,bybit_close_time,bybit_close_reason
14,13,BTCUSDT,2026-07-17 10:30:00,2026-07-17 11:54:26,63128.90000000,,62731.93570000,63658.18568000,0.0000,0.00,66,0.0000000000,0.0000,,,,,,,,0.0000,0.0000,0.0000,1,0.0000,0.1000,0.0000,,,,,,,,EXPIRED,Auto-created by orchestrator Step 5c,2026-07-17 11:54:36.877306,2026-07-17 11:59:45.52913,0.00,0.00,0.00,0.00,4.00,LONG,0,,,,,,,,,london,trend_following,,0.5000,,,,,,PENDING,,,,,,,,
4,4,SOLUSDT,2026-07-16 21:45:00,2026-07-16 22:06:30,75.86000000,75.86000000,76.08758000,74.87430000,26.3000,7980.47,77,0.0000044800,1.1430,74.79000000,TP_HIT,2026-07-17 02:39:26.625841,,4.55,1.4105,28.14,1.0973,1.0818,2.2238,2,0.0447,0.1000,7.9805,,,5.1847,25.92,,,,CLOSED,Auto-created by orchestrator Step 5c,2026-07-16 22:06:36.328941,2026-07-17 02:39:26.625841,499.88,0.00,0.00,0.00,4.00,SHORT,0,94.48740000,9.9756,2026-07-17 00:00:00+00,,,0.19710000,53.23,42.32,ny_late,trend_following,MIXED,0.5000,,,,,,PENDING,,,,,,,,
1,1,XRPUSDT,2026-07-15 07:00:00,2026-07-15 07:34:51,1.10620000,1.10620000,1.09540000,1.12050000,1807.0000,7995.61,67,0.0001000000,1.9420,1.10430000,TIME_EXIT,2026-07-15 19:39:15.153192,,12.00,-0.1718,-3.43,1.0994,1.0975,2.5975,3,0.4006,0.1000,7.9956,,,-1.2042,-6.03,,,,CLOSED,Auto-created by orchestrator Step 5c,2026-07-15 07:39:04.407708,2026-07-15 19:39:15.153192,500.83,0.00,0.00,0.00,4.00,LONG,0,0.83460000,9.9945,2026-07-15 16:00:00+00,,,0.00360000,59.84,34.38,london,trend_following,MIXED,0.5000,,,,,,PENDING,,,,,,,,
2,2,BTCUSDT,2026-07-16 08:00:00,2026-07-16 08:35:52,63913.00000000,,64679.31790000,62916.78673000,0.0310,7925.21,62,0.0000381000,-2.4540,,PENDING timeout,2026-07-16 18:21:22.303113,,,,,4.3589,4.3589,8.7177,1,0.3020,0.1000,7.9252,,,,,,,,EXPIRED,Auto-created by orchestrator Step 5c,2026-07-16 08:36:28.732197,2026-07-16 18:21:22.303113,496.42,0.00,0.00,0.00,4.00,SHORT,0,79606.83720000,9.9065,,,,170.29290000,25.94,26.42,london,trend_following,VOLATILE,0.5000,,,,,,PENDING,,,,,,,,
9,9,ETHUSDT,2026-07-17 05:30:00,2026-07-17 05:48:54,1835.09000000,1835.09000000,1840.59527000,1810.05570000,1.0890,7993.65,74,0.0000453000,-3.9680,1809.11000000,TP_HIT,2026-07-17 13:12:21.056898,,7.39,1.4157,28.29,1.0991,1.0836,2.6349,2,0.4522,0.1000,7.9936,,,5.1243,25.66,,,,CLOSED,Auto-created by orchestrator Step 5c,2026-07-17 05:49:01.984803,2026-07-17 13:12:21.056898,500.70,0.00,0.00,0.00,4.00,SHORT,0,2285.69630000,9.9921,2026-07-17 08:00:00+00,,,6.25860000,30.69,39.41,asian,trend_following,MIXED,0.5000,,,,,,PENDING,,,,,,,,
12,12,BNBUSDT,2026-07-17 09:45:00,2026-07-17 09:55:36,565.10000000,565.10000000,566.79530000,559.13570000,3.5300,7979.21,77,-0.0000437600,0.4170,558.20000000,TP_HIT,2026-07-17 13:07:36.038143,,3.20,1.2210,24.36,1.0971,1.0837,2.5300,1,0.3492,0.1000,7.9792,,,4.3671,21.83,,,,CLOSED,Auto-created by orchestrator Step 5c,2026-07-17 09:55:46.419859,2026-07-17 13:07:36.038143,499.80,0.00,0.00,0.00,4.00,SHORT,0,703.86030000,9.9740,,,,1.19290000,29.27,55.47,london,trend_following,MIXED,0.5000,,,,,,PENDING,,,,,,,,
6,6,ETHUSDT,2026-07-17 00:45:00,2026-07-17 00:55:40,1861.43000000,1861.43000000,1867.01429000,1829.55500000,1.0740,7996.70,78,0.0000453000,-4.6880,1824.09000000,TP_HIT,2026-07-17 05:46:29.374438,,4.84,2.0060,40.10,1.0995,1.0775,2.5393,1,0.3623,0.1000,7.9967,,,7.4994,37.56,,,,CLOSED,Auto-created by orchestrator Step 5c,2026-07-17 00:55:48.526011,2026-07-17 05:46:29.374438,500.89,0.00,0.00,0.00,4.00,SHORT,0,2318.50410000,9.9959,,,,6.37500000,29.03,32.75,asian,trend_following,MIXED,0.5000,,,,,,PENDING,,,,,,,,
5,5,BTCUSDT,2026-07-16 23:30:00,2026-07-16 23:38:35,63787.00000000,63787.00000000,63978.36100000,63455.90710000,0.0310,7909.59,61,0.0000312300,-0.6600,63418.10000000,TP_HIT,2026-07-17 02:11:26.209104,,2.55,0.5783,11.44,1.0876,1.0813,2.4777,2,0.3088,0.1000,7.9096,,,1.8081,8.96,,,,CLOSED,Auto-created by orchestrator Step 5c,2026-07-16 23:38:42.927189,2026-07-17 02:11:26.209104,495.44,0.00,0.00,0.00,4.00,SHORT,0,79449.89790000,9.8870,2026-07-17 00:00:00+00,,,110.36430000,27.03,30.61,ny_late,trend_following,MIXED,0.5000,,,,,,PENDING,,,,,,,,
15,13,BTCUSDT,2026-07-17 10:30:00,2026-07-17 11:59:36,63128.90000000,,62731.93570000,63658.18568000,0.0000,0.00,66,0.0000000000,0.0000,,,,,,,,0.0000,0.0000,0.0000,1,0.0000,0.1000,0.0000,,,,,,,,EXPIRED,Auto-created by orchestrator Step 5c,2026-07-17 11:59:46.727678,2026-07-17 12:04:56.613715,0.00,0.00,0.00,0.00,4.00,LONG,0,,,,,,,,,london,trend_following,,0.5000,,,,,,PENDING,,,,,,,,
7,7,BTCUSDT,2026-07-17 02:00:00,2026-07-17 02:12:57,63545.20000000,63545.20000000,63735.83560000,62729.91430000,0.0310,7879.60,79,0.0000117100,-0.3040,62697.00000000,TP_HIT,2026-07-17 06:17:44.87712,,4.08,1.3348,26.29,1.0834,1.0690,2.2447,1,0.0923,0.1000,7.8796,,,4.8727,24.05,,,,CLOSED,Auto-created by orchestrator Step 5c,2026-07-17 02:13:04.880647,2026-07-17 06:17:44.87712,493.56,0.00,0.00,0.00,4.00,SHORT,0,79148.72390000,9.8495,,,,163.05710000,25.33,46.42,asian,trend_following,MIXED,0.5000,,,,,,PENDING,,,,,,,,
3,3,XRPUSDT,2026-07-16 18:30:00,2026-07-16 18:47:26,1.08810000,1.08810000,1.07110000,1.11640000,1838.0000,7999.71,76,0.0001000000,-0.4260,1.08550000,TIME_EXIT,2026-07-17 06:47:45.222083,,12.00,-0.2389,-4.78,1.1000,1.0973,2.7976,2,0.6003,0.1000,7.9997,,,-1.5120,-7.58,,,,CLOSED,Auto-created by orchestrator Step 5c,2026-07-16 18:47:32.192689,2026-07-17 06:47:45.222083,501.08,0.00,0.00,0.00,4.00,LONG,0,0.82090000,9.9996,2026-07-17 00:00:00+00,,,0.00570000,27.58,32.30,overlap,mean_reversion,MIXED,0.5000,,,,,,PENDING,,,,,,,,
10,10,BTCUSDT,2026-07-17 06:00:00,2026-07-17 06:19:46,62760.00000000,62760.00000000,63260.80710000,61925.32140000,0.0310,7782.24,76,0.0000117100,1.0550,63299.60000000,SL_HIT,2026-07-17 11:46:04.784894,,5.44,-0.8598,-16.73,1.0701,1.0793,2.2633,2,0.1139,0.1000,7.7822,,,-3.8959,-18.99,,,,CLOSED,Auto-created by orchestrator Step 5c,2026-07-17 06:19:55.668551,2026-07-17 11:46:04.784894,487.46,0.00,0.00,0.00,4.00,SHORT,0,78170.71800000,9.7278,2026-07-17 08:00:00+00,,,166.93570000,23.99,35.01,asian,trend_following,MIXED,0.5000,,,,,,PENDING,,,,,,,,
13,13,BTCUSDT,2026-07-17 10:30:00,2026-07-17 11:49:17,63128.90000000,,62731.93570000,63658.18568000,0.0000,0.00,66,0.0000000000,0.0000,,,,,,,,0.0000,0.0000,0.0000,1,0.0000,0.1000,0.0000,,,,,,,,EXPIRED,Auto-created by orchestrator Step 5c,2026-07-17 11:49:26.771075,2026-07-17 11:54:36.023192,0.00,0.00,0.00,0.00,4.00,LONG,0,,,,,,,,,london,trend_following,,0.5000,,,,,,PENDING,,,,,,,,
16,13,BTCUSDT,2026-07-17 10:30:00,2026-07-17 12:04:46,63128.90000000,,62731.93570000,63658.18568000,0.0000,0.00,66,0.0000000000,0.0000,,,,,,,,0.0000,0.0000,0.0000,1,0.0000,0.1000,0.0000,,,,,,,,EXPIRED,Auto-created by orchestrator Step 5c,2026-07-17 12:04:57.612355,2026-07-17 12:10:06.644394,0.00,0.00,0.00,0.00,4.00,LONG,0,,,,,,,,,london,trend_following,,0.5000,,,,,,PENDING,,,,,,,,
17,13,BTCUSDT,2026-07-17 10:30:00,2026-07-17 12:09:57,63128.90000000,,62731.93570000,63658.18568000,0.0000,0.00,66,0.0000000000,0.0000,,,,,,,,0.0000,0.0000,0.0000,1,0.0000,0.1000,0.0000,,,,,,,,EXPIRED,Auto-created by orchestrator Step 5c,2026-07-17 12:10:07.445204,2026-07-17 12:15:15.742016,0.00,0.00,0.00,0.00,4.00,LONG,0,,,,,,,,,london,trend_following,,0.5000,,,,,,PENDING,,,,,,,,
18,13,BTCUSDT,2026-07-17 10:30:00,2026-07-17 12:15:07,63128.90000000,,62731.93570000,63658.18568000,0.0000,0.00,66,0.0000000000,0.0000,,,,,,,,0.0000,0.0000,0.0000,1,0.0000,0.1000,0.0000,,,,,,,,EXPIRED,Auto-created by orchestrator Step 5c,2026-07-17 12:15:16.578562,2026-07-17 12:20:26.018999,0.00,0.00,0.00,0.00,4.00,LONG,0,,,,,,,,,london,trend_following,,0.5000,,,,,,PENDING,,,,,,,,
19,13,BTCUSDT,2026-07-17 10:30:00,2026-07-17 12:20:16,63128.90000000,,62731.93570000,63658.18568000,0.0000,0.00,66,0.0000000000,0.0000,,,,,,,,0.0000,0.0000,0.0000,1,0.0000,0.1000,0.0000,,,,,,,,EXPIRED,Auto-created by orchestrator Step 5c,2026-07-17 12:20:27.061184,2026-07-17 12:25:34.528666,0.00,0.00,0.00,0.00,4.00,LONG,0,,,,,,,,,london,trend_following,,0.5000,,,,,,PENDING,,,,,,,,
20,13,BTCUSDT,2026-07-17 10:30:00,2026-07-17 12:25:27,63128.90000000,,62731.93570000,63658.18568000,0.0000,0.00,66,0.0000000000,0.0000,,,,,,,,0.0000,0.0000,0.0000,1,0.0000,0.1000,0.0000,,,,,,,,EXPIRED,Auto-created by orchestrator Step 5c,2026-07-17 12:25:35.583897,2026-07-17 12:30:45.015081,0.00,0.00,0.00,0.00,4.00,LONG,0,,,,,,,,,london,trend_following,,0.5000,,,,,,PENDING,,,,,,,,
21,13,BTCUSDT,2026-07-17 10:30:00,2026-07-17 12:30:35,63128.90000000,,62731.93570000,63658.18568000,0.0000,0.00,66,0.0000000000,0.0000,,,,,,,,0.0000,0.0000,0.0000,1,0.0000,0.1000,0.0000,,,,,,,,EXPIRED,Auto-created by orchestrator Step 5c,2026-07-17 12:30:46.111098,2026-07-17 12:35:53.371763,0.00,0.00,0.00,0.00,4.00,LONG,0,,,,,,,,,london,trend_following,,0.5000,,,,,,PENDING,,,,,,,,
22,13,BTCUSDT,2026-07-17 10:30:00,2026-07-17 12:35:46,63128.90000000,,62731.93570000,63658.18568000,0.0000,0.00,66,0.0000000000,0.0000,,,,,,,,0.0000,0.0000,0.0000,1,0.0000,0.1000,0.0000,,,,,,,,EXPIRED,Auto-created by orchestrator Step 5c,2026-07-17 12:35:54.193075,2026-07-17 12:41:02.931861,0.00,0.00,0.00,0.00,4.00,LONG,0,,,,,,,,,london,trend_following,,0.5000,,,,,,PENDING,,,,,,,,
23,13,BTCUSDT,2026-07-17 10:30:00,2026-07-17 12:40:54,63128.90000000,,62731.93570000,63658.18568000,0.0000,0.00,66,0.0000000000,0.0000,,,,,,,,0.0000,0.0000,0.0000,1,0.0000,0.1000,0.0000,,,,,,,,EXPIRED,Auto-created by orchestrator Step 5c,2026-07-17 12:41:04.103893,2026-07-17 12:46:12.645913,0.00,0.00,0.00,0.00,4.00,LONG,0,,,,,,,,,london,trend_following,,0.5000,,,,,,PENDING,,,,,,,,
24,13,BTCUSDT,2026-07-17 10:30:00,2026-07-17 12:46:04,63128.90000000,,62731.93570000,63658.18568000,0.0000,0.00,66,0.0000000000,0.0000,,,,,,,,0.0000,0.0000,0.0000,1,0.0000,0.1000,0.0000,,,,,,,,EXPIRED,Auto-created by orchestrator Step 5c,2026-07-17 12:46:13.479465,2026-07-17 12:51:20.968938,0.00,0.00,0.00,0.00,4.00,LONG,0,,,,,,,,,london,trend_following,,0.5000,,,,,,PENDING,,,,,,,,
11,11,XRPUSDT,2026-07-17 09:15:00,2026-07-17 09:35:00,1.08720000,1.08720000,1.07750000,1.10330000,1839.0000,7997.44,78,-0.0000339600,-12.9330,1.07650000,SL_HIT,2026-07-17 13:01:36.096394,,3.44,-0.9842,-19.68,1.0996,1.0888,2.4600,1,0.2716,0.1000,7.9974,,,-4.4192,-22.14,,,,CLOSED,Auto-created by orchestrator Step 5c,2026-07-17 09:35:08.545592,2026-07-17 13:01:36.096394,500.94,0.00,0.00,0.00,4.00,LONG,0,0.82020000,9.9968,,,,0.00320000,68.72,37.98,london,trend_following,MIXED,0.5000,,,,,,PENDING,,,,,,,,
25,13,BTCUSDT,2026-07-17 10:30:00,2026-07-17 12:51:13,63128.90000000,,62731.93570000,63658.18568000,0.0000,0.00,66,0.0000000000,0.0000,,,,,,,,0.0000,0.0000,0.0000,1,0.0000,0.1000,0.0000,,,,,,,,EXPIRED,Auto-created by orchestrator Step 5c,2026-07-17 12:51:21.807803,2026-07-17 12:56:28.882677,0.00,0.00,0.00,0.00,4.00,LONG,0,,,,,,,,,london,trend_following,,0.5000,,,,,,PENDING,,,,,,,,
26,13,BTCUSDT,2026-07-17 10:30:00,2026-07-17 12:56:21,63128.90000000,,62731.93570000,63658.18568000,0.0000,0.00,66,0.0000000000,0.0000,,,,,,,,0.0000,0.0000,0.0000,1,0.0000,0.1000,0.0000,,,,,,,,EXPIRED,Auto-created by orchestrator Step 5c,2026-07-17 12:56:29.739395,2026-07-17 13:01:39.592193,0.00,0.00,0.00,0.00,4.00,LONG,0,,,,,,,,,london,trend_following,,0.5000,,,,,,PENDING,,,,,,,,
38,38,SOLUSDT,2026-07-18 19:00:00,2026-07-18 19:18:56,75.27000000,75.27000000,75.04419000,76.37360000,26.5000,7978.62,77,0.0000313700,1.5910,76.39000000,TP_HIT,2026-07-19 02:35:39.392166,,7.28,1.4880,29.68,1.0971,1.1134,2.3981,2,0.1876,0.1000,7.9786,,,5.4590,27.28,,,,CLOSED,Auto-created by orchestrator Step 5c,2026-07-18 19:19:05.434801,2026-07-19 02:35:39.392166,499.76,0.00,0.00,0.00,4.00,LONG,0,56.78750000,9.9733,2026-07-19 00:00:00+00,,,0.22070000,68.00,67.20,overlap,trend_following,MIXED,0.5000,,,,,,PENDING,,,,,,,,
8,8,SOLUSDT,2026-07-17 03:30:00,2026-07-17 03:50:34,75.22000000,75.22000000,75.44566000,74.08000000,26.5000,7973.32,70,-0.0000480400,-1.4770,73.95000000,TP_HIT,2026-07-17 13:07:06.027777,,9.27,1.6884,33.65,1.0963,1.0778,2.4621,2,0.2880,0.1000,7.9733,,,6.2457,31.19,,,,CLOSED,Auto-created by orchestrator Step 5c,2026-07-17 03:50:40.506281,2026-07-17 13:07:06.027777,499.43,0.00,0.00,0.00,4.00,SHORT,0,93.69030000,9.9666,2026-07-17 08:00:00+00,,,0.28500000,50.48,36.68,asian,trend_following,MIXED,0.5000,,,,,,PENDING,,,,,,,,
27,13,BTCUSDT,2026-07-17 12:45:00,2026-07-17 13:01:29,63114.10000000,63114.10000000,62760.29290000,63703.77860000,0.0310,7826.15,78,0.0000000000,0.0000,62758.80000000,SL_HIT,2026-07-17 13:34:36.501395,,0.55,-0.5629,-11.01,1.0761,1.0700,2.1461,1,0.0000,0.1000,0.0000,,,-2.6847,-13.16,,,,CLOSED,Auto-created by orchestrator Step 5c,2026-07-17 13:01:40.915917,2026-07-17 13:34:36.501395,490.21,0.00,0.00,0.00,4.00,LONG,0,47616.43270000,9.7827,,,,,,,london,trend_following,MIXED,0.5000,,,,,,PENDING,,,,,,,,
28,28,BTCUSDT,2026-07-17 13:30:00,2026-07-17 13:37:25,62669.60000000,62669.60000000,63102.56430000,62236.63570000,0.0310,7771.03,52,-0.0000118400,6.8470,63168.20000000,SL_HIT,2026-07-17 14:00:36.736023,,0.38,-0.7956,-15.46,1.0685,1.0770,2.2377,1,0.0922,0.1000,7.7849,,,-3.6351,-17.69,,,,CLOSED,Auto-created by orchestrator Step 5c,2026-07-17 13:37:30.965597,2026-07-17 14:00:36.736023,486.76,0.00,0.00,0.00,4.00,SHORT,0,78058.12030000,9.7138,,,,132.62860000,38.59,28.46,ny_open,trend_following,MIXED,0.5000,,,,,,PENDING,,,,,,,,
35,35,BTCUSDT,2026-07-18 13:00:00,2026-07-18 13:18:52,63980.40000000,63980.40000000,64262.03570000,63698.76430000,0.0310,7933.57,80,0.0000294200,-5.8970,64265.10000000,SL_HIT,2026-07-18 16:57:16.242983,,3.64,-0.4450,-8.83,1.0909,1.0957,2.4785,2,0.2919,0.1000,7.9336,,,-2.2748,-11.30,,,,CLOSED,Auto-created by orchestrator Step 5c,2026-07-18 13:19:01.715193,2026-07-18 16:57:16.242983,496.94,0.00,0.00,0.00,4.00,SHORT,0,79690.78720000,9.9170,2026-07-18 16:00:00+00,,,62.58570000,53.01,37.62,ny_open,trend_following,VOLATILE,0.5000,,,,,,PENDING,,,,,,,,
29,29,ETHUSDT,2026-07-17 13:30:00,2026-07-17 13:42:31,1807.56000000,1807.56000000,1837.23110000,1777.88890000,1.1060,7996.65,72,0.0000117700,-4.0090,1838.39000000,SL_HIT,2026-07-17 16:48:39.23628,,3.10,-1.7056,-34.10,1.0995,1.1183,2.3357,2,0.1179,0.1000,7.9966,,,-7.2738,-36.43,,,,CLOSED,Auto-created by orchestrator Step 5c,2026-07-17 13:42:36.759665,2026-07-17 16:48:39.23628,500.89,0.00,0.00,0.00,4.00,SHORT,0,2251.40640000,9.9958,2026-07-17 16:00:00+00,,,6.59360000,19.80,30.46,ny_open,trend_following,VOLATILE,0.5000,,,,,,PENDING,,,,,,,,
36,36,BTCUSDT,2026-07-18 17:30:00,2026-07-18 17:46:08,64322.20000000,64322.20000000,64129.23340000,64658.05710000,0.0310,7975.95,65,-0.0000062600,-3.8160,64686.00000000,TP_HIT,2026-07-18 20:22:48.872435,,2.61,0.5656,11.28,1.0967,1.1029,2.2495,1,0.0499,0.1000,7.9760,,,1.8071,9.03,,,,CLOSED,Auto-created by orchestrator Step 5c,2026-07-18 17:46:16.259858,2026-07-18 20:22:48.872435,499.59,0.00,0.00,0.00,4.00,LONG,0,48527.88380000,9.9699,,,,83.96430000,67.95,29.23,overlap,trend_following,MIXED,0.5000,,,,,,PENDING,,,,,,,,
30,30,SOLUSDT,2026-07-18 02:15:00,2026-07-18 02:29:14,75.30000000,75.30000000,74.89290000,75.84290000,26.5000,7981.80,67,-0.0000117700,0.2170,74.89000000,SL_HIT,2026-07-18 05:42:06.181661,,3.21,-0.5445,-10.86,1.0975,1.0915,2.2829,1,0.0939,0.1000,7.9818,,,-2.6298,-13.15,,,,CLOSED,Auto-created by orchestrator Step 5c,2026-07-18 02:29:19.326664,2026-07-18 05:42:06.181661,499.96,0.00,0.00,0.00,4.00,LONG,0,56.81010000,9.9772,,,,0.13570000,67.37,25.02,asian,trend_following,MIXED,0.5000,,,,,,PENDING,,,,,,,,
31,31,ETHUSDT,2026-07-18 05:45:00,2026-07-18 06:03:30,1846.86000000,1846.86000000,1838.69790000,1855.02210000,1.0820,7993.21,64,0.0000183000,-7.2600,1838.60000000,SL_HIT,2026-07-18 13:14:27.405685,,7.18,-0.4472,-8.94,1.0991,1.0942,2.3031,2,0.1098,0.1000,7.9932,,,-2.2451,-11.24,,,,CLOSED,Auto-created by orchestrator Step 5c,2026-07-18 06:03:36.291728,2026-07-18 13:14:27.405685,500.67,0.00,0.00,0.00,4.00,LONG,0,1393.36350000,9.9915,2026-07-18 08:00:00+00,,,2.72070000,60.61,45.88,asian,trend_following,MIXED,0.5000,,,,,,PENDING,,,,,,,,
34,34,XRPUSDT,2026-07-18 11:45:00,2026-07-18 12:06:45,1.08820000,1.08820000,1.09350000,1.08110000,1837.0000,7996.09,66,-0.0000429600,0.6280,1.09370000,SL_HIT,2026-07-18 17:49:16.572215,,5.71,-0.5054,-10.10,1.0995,1.1050,2.4622,2,0.2577,0.1000,7.9961,,,-2.5088,-12.57,,,,CLOSED,Auto-created by orchestrator Step 5c,2026-07-18 12:06:53.008931,2026-07-18 17:49:16.572215,500.86,0.00,0.00,0.00,4.00,SHORT,0,1.35540000,9.9951,2026-07-18 16:00:00+00,,,0.00180000,44.27,28.88,london,trend_following,MIXED,0.5000,,,,,,PENDING,,,,,,,,
39,39,XRPUSDT,2026-07-18 22:30:00,2026-07-18 22:44:56,1.09160000,1.09160000,1.08832520,1.09840000,1832.0000,7999.24,59,-0.0000175200,2.1920,1.09840000,TP_HIT,2026-07-19 02:36:09.43048,,3.85,0.6229,12.46,1.0999,1.1067,2.3818,2,0.1752,0.1000,7.9992,,,2.0109,10.08,,,,CLOSED,Auto-created by orchestrator Step 5c,2026-07-18 22:45:06.150366,2026-07-19 02:36:09.43048,501.05,0.00,0.00,0.00,4.00,LONG,0,0.82360000,9.9991,2026-07-19 00:00:00+00,,,0.00230000,53.59,60.35,ny_late,trend_following,MIXED,0.5000,,,,,,PENDING,,,,,,,,
32,32,SOLUSDT,2026-07-18 07:00:00,2026-07-18 07:14:59,74.91000000,74.91000000,75.13473000,74.54140000,26.6000,7970.42,53,-0.0000117700,-0.0060,74.54000000,TP_HIT,2026-07-18 13:20:27.515992,,6.09,0.4939,9.84,1.0959,1.0905,2.2567,2,0.0703,0.1000,7.9704,,,1.5193,7.59,,,,CLOSED,Auto-created by orchestrator Step 5c,2026-07-18 07:15:05.29802,2026-07-18 13:20:27.515992,499.25,0.00,0.00,0.00,4.00,SHORT,0,93.30420000,9.9630,2026-07-18 08:00:00+00,,,0.12290000,35.79,30.13,london,trend_following,MIXED,0.5000,,,,,,PENDING,,,,,,,,
41,41,BNBUSDT,2026-07-19 07:30:00,2026-07-19 07:49:20,569.20000000,569.20000000,567.44290000,570.95710000,3.5100,7991.57,61,0.0000190000,0.9270,567.40000000,SL_HIT,2026-07-19 09:17:00.28179,,1.46,-0.3162,-6.32,1.0988,1.0954,2.3081,2,0.1139,0.1000,7.9916,,,-1.7232,-8.63,,,,CLOSED,Auto-created by orchestrator Step 5c,2026-07-19 07:49:26.536499,2026-07-19 09:17:00.28179,500.57,0.00,0.00,0.00,4.00,LONG,0,429.43290000,9.9895,2026-07-19 08:00:00+00,,,0.58570000,82.35,35.85,london,trend_following,MIXED,0.5000,,,,,,PENDING,,,,,,,,
33,33,BNBUSDT,2026-07-18 11:45:00,2026-07-18 12:06:45,569.70000000,569.70000000,567.99090000,572.84290000,3.5100,7998.59,78,0.0000137100,-1.3030,567.80000000,SL_HIT,2026-07-19 04:11:55.904545,,16.08,-0.3335,-6.67,1.0998,1.0961,2.2508,3,0.0549,0.1000,7.9986,,,-1.7804,-8.92,,,,CLOSED,Auto-created by orchestrator Step 5c,2026-07-18 12:06:53.008931,2026-07-19 04:11:55.904545,501.01,0.00,0.00,0.00,4.00,LONG,0,429.81020000,9.9982,2026-07-19 00:00:00+00,,,0.62860000,70.21,43.00,london,trend_following,MIXED,0.5000,,,,,,PENDING,,,,,,,,
42,41,BNBUSDT,2026-07-19 07:30:00,2026-07-19 09:21:36,569.20000000,,567.44290000,570.60568000,0.0000,0.00,61,0.0000000000,0.0000,,,,,,,,0.0000,0.0000,0.0000,1,0.0000,0.1000,0.0000,,,,,,,,EXPIRED,Auto-created by orchestrator Step 5c,2026-07-19 09:21:42.630294,2026-07-19 09:26:49.488947,0.00,0.00,0.00,0.00,4.00,LONG,0,,,,,,,,,london,trend_following,,0.5000,,,,,,PENDING,,,,,,,,
43,41,BNBUSDT,2026-07-19 09:15:00,2026-07-19 09:26:42,567.30000000,567.30000000,565.59810000,569.18570000,3.5200,7987.58,50,0.0000000000,0.0000,569.80000000,TP_HIT,2026-07-19 11:25:02.588341,,1.97,0.4407,8.80,1.0983,1.1031,2.2014,1,0.0000,0.1000,0.0000,,,1.3189,6.60,,,,CLOSED,Auto-created by orchestrator Step 5c,2026-07-19 09:26:50.630211,2026-07-19 11:25:02.588341,500.32,0.00,0.00,0.00,4.00,LONG,0,427.99950000,9.9845,,,,,,,london,trend_following,MIXED,0.5000,,,,,,PENDING,,,,,,,,
37,37,ETHUSDT,2026-07-18 18:15:00,2026-07-18 18:32:34,1860.64000000,1860.64000000,1881.29180000,1839.98820000,1.0740,7993.31,61,0.0000280700,-0.5410,1875.26000000,TIME_EXIT,2026-07-20 11:15:15.063131,,40.71,-0.7858,-15.70,1.0991,1.1077,2.8255,8,0.6187,0.1000,7.9933,,,-3.7004,-18.53,,,,CLOSED,Auto-created by orchestrator Step 5c,2026-07-18 18:32:42.709253,2026-07-20 11:15:15.063131,500.68,0.00,0.00,0.00,4.00,SHORT,0,2317.52020000,9.9916,2026-07-20 08:00:00+00,,,4.58930000,74.62,44.01,overlap,mean_reversion,VOLATILE,0.5000,,,,,,PENDING,,,,,,,,
40,40,SOLUSDT,2026-07-19 02:15:00,2026-07-19 02:37:10,75.97000000,75.97000000,75.74209000,76.46500000,26.3000,7992.04,63,0.0000021300,1.5220,76.08000000,TIME_EXIT,2026-07-19 16:37:31.149459,,14.00,0.1448,2.89,1.0989,1.1005,2.1992,5,-0.0002,0.1000,7.9920,,,0.1386,0.69,,,,CLOSED,Auto-created by orchestrator Step 5c,2026-07-19 02:37:18.165443,2026-07-19 16:37:31.149459,500.60,0.00,0.00,0.00,4.00,LONG,0,57.31560000,9.9901,2026-07-19 16:00:00+00,,,0.16500000,68.64,31.55,asian,trend_following,MIXED,0.5000,,,,,,PENDING,,,,,,,,
48,48,BTCUSDT,2026-07-20 16:45:00,2026-07-20 17:58:44,65449.00000000,65449.00000000,64797.64290000,66914.55360000,0.0930,24347.03,51,0.0000000000,0.0000,66197.40000000,TIME_EXIT,2026-07-21 07:58:58.953731,,14.00,1.1435,69.60,3.3477,3.3860,6.1278,2,-0.6059,0.1000,0.0000,,,4.1621,63.47,,,,CLOSED,Auto-created by orchestrator Step 5c,2026-07-20 17:58:55.84624,2026-07-21 07:58:58.953731,1525.04,0.00,0.00,0.00,4.00,LONG,0,49377.99810000,30.4338,2026-07-21 00:00:00+00,,,,,,ny_open,trend_following,RANGING,0.5000,e053359e-fc84-440a-89e1-b7056367d925,0.415,65449,64797.6429,66914.5536,CLOSED,65449,0,0,45093.67,0.6,270.31,2026-07-20 22:48:43.120253+00,SL/TP
46,46,ETHUSDT,2026-07-20 09:45:00,2026-07-20 11:28:26,1866.48000000,1866.48000000,1860.88056000,1905.76290000,16.0000,119454.72,68,-0.0000076900,0.1590,1906.85000000,TP_HIT,2026-07-20 17:56:03.713678,,6.46,2.1629,645.92,16.4250,16.7803,34.3580,2,1.1527,0.1000,119.4547,,,8.1734,611.56,,,,CLOSED,Auto-created by orchestrator Step 5c,2026-07-20 11:28:37.832929,2026-07-20 17:56:03.713678,7482.35,0.00,0.00,0.00,4.00,LONG,0,1408.16580000,149.3184,2026-07-20 16:00:00+00,,,6.54710000,61.17,31.24,london,trend_following,MIXED,0.5000,8e456ff0-d6d9-43ad-81b6-67c718b4c37c,80.34,1866.48,1853.3857,1905.7629,CLOSED,1884.51,1448.5302,2.8915,50095.54,2.1,1052,2026-07-20 14:23:11.655839+00,SL/TP
50,50,BTCUSDT,2026-07-21 09:45:00,2026-07-21 10:10:13,66307.00000000,66307.00000000,65947.07140000,67386.78570000,0.5930,26672.00,66,0.0000695600,3.4960,,,,,,,,3.6674,86.5041,173.0082,1,10.9404,0.1000,157.2802,,,,,,,,OPEN,Auto-created by orchestrator Step 5c,2026-07-21 10:10:34.373166,2026-07-21 10:11:26.879155,1667.00,0.00,0.00,0.00,4.00,LONG,0,50025.31610000,196.6003,,,,143.97140000,78.42,87.02,london,trend_following,MIXED,0.5000,,,,,,PENDING,,,,,,,,
49,49,SOLUSDT,2026-07-20 20:00:00,2026-07-20 20:31:12,77.64000000,77.64000000,76.88110000,79.91680000,279.8000,86894.69,65,0.0000805600,1.3650,78.36000000,TIME_EXIT,2026-07-21 10:31:31.945634,,14.00,0.9274,201.46,11.9480,12.0588,27.4825,3,3.4757,0.1000,86.8947,,,3.1964,173.97,,,,CLOSED,Auto-created by orchestrator Step 5c,2026-07-20 20:31:25.755098,2026-07-21 10:31:31.945634,5442.87,0.00,0.00,0.00,4.00,LONG,0,58.57550000,108.6184,2026-07-21 08:00:00+00,,,0.30360000,51.75,31.41,ny_late,trend_following,MIXED,0.5000,80a15f70-f06d-4192-a505-590aba096e5a,1247.4,77.64,76.8811,79.9168,CLOSED,78.01,461.538,1.0238,45078.7,2.1,946.65,2026-07-20 22:48:43.120253+00,SL/TP
45,45,XRPUSDT,2026-07-19 14:00:00,2026-07-19 15:45:00,1.09440000,1.09440000,1.08670000,1.10210000,23481.0000,102790.43,63,-0.0000067800,0.4200,1.09360000,TIME_EXIT,2026-07-20 11:15:14.833863,,19.43,-0.0731,-18.78,14.1337,14.1234,29.4769,4,1.2198,0.1000,102.7948,,,-0.7496,-48.26,,,,CLOSED,Auto-created by orchestrator Step 5c,2026-07-19 15:49:34.890204,2026-07-20 11:15:14.833863,6438.54,0.00,0.00,0.00,4.00,LONG,0,0.82570000,128.4880,2026-07-20 08:00:00+00,,,0.00260000,45.03,26.03,ny_open,mean_reversion,MIXED,0.5000,,,,,,PENDING,,,,,,,,
44,44,BTCUSDT,2026-07-19 13:30:00,2026-07-19 13:51:36,64383.80000000,64383.80000000,64712.30000000,63836.30000000,0.0310,7983.59,79,0.0001000000,-0.5820,64393.60000000,TIME_EXIT,2026-07-20 11:15:14.904836,,21.39,-0.0152,-0.30,1.0977,1.0979,3.7938,5,1.5982,0.1000,7.9836,,,-0.8194,-4.10,,,,CLOSED,Auto-created by orchestrator Step 5c,2026-07-19 13:51:44.777831,2026-07-20 11:15:14.904836,500.07,0.00,0.00,0.00,4.00,SHORT,0,80193.24210000,9.9795,2026-07-20 08:00:00+00,,,109.50000000,38.87,33.71,ny_open,trend_following,MIXED,0.5000,,,,,,PENDING,,,,,,,,
51,51,ETHUSDT,2026-07-21 11:00:00,2026-07-21 11:34:29,1931.31000000,1931.31000000,1916.66640000,1965.10290000,4.2430,32778.19,63,0.0001000000,12.1670,,,,,,,,4.5070,4.5070,9.0140,1,3.2778,0.1000,32.7782,,,,,,,,OPEN,Auto-created by orchestrator Step 5c,2026-07-21 11:34:41.830103,2026-07-21 11:39:56.700243,2053.14,0.00,0.00,0.00,4.00,LONG,0,1457.07680000,40.9727,,,,5.63210000,46.49,64.70,london,trend_following,TRENDING,0.5000,,,,,,PENDING,,,,,,,,
47,47,SOLUSDT,2026-07-20 11:30:00,2026-07-20 11:44:15,77.05000000,77.05000000,76.30890000,79.27320000,517.0000,159339.40,78,-0.0000223200,-2.6790,76.23259110,SL_HIT,2026-07-20 14:02:15.914843,,2.30,-1.0609,-422.60,21.9092,21.6767,47.1424,1,3.5565,0.1000,159.3394,,,-4.7065,-469.74,,,,CLOSED,Auto-created by orchestrator Step 5c,2026-07-20 11:44:27.795691,2026-07-20 14:02:15.914843,9980.62,0.00,0.00,0.00,4.00,LONG,0,58.13040000,199.1743,,,,0.29640000,65.38,27.53,london,trend_following,MIXED,0.5000,c70ec432-b49e-4227-98ed-e25060039d66,2596.3,77.05,76.3089,79.2732,CLOSED,77.11,155.778,0.3115,50012.27,7.5,1924.12,2026-07-20 13:56:47.895532+00,SL/TP
