id,trade_id,symbol,log_type,logged_at,price,btc_price,btc_24h_ret,symbol_24h_ret,correlation_vs_btc,rsi_15m,adx_4h,atr_15m,ema_20,ema_50,volume_ratio,funding_rate,oi_delta_pct,ob_spread_pct,ob_imbalance,liquidation_side,session,market_regime,dqs_score,dqs_breakdown,calibrated_prob,brain_prob,ai_interpretation,failure_category,suggested_fix
1,1,XRPUSDT,EXIT,2026-07-15 19:39:15.170768+00,1.10430000,64606.00000000,-0.0065,-0.0046,,59.84,34.38,0.003586,,,,0.000100,1.9420,0.0090,11.8444,,london,,67,,0.5000,,,TIMING,Wait for ADX >= 25 and RSI >= 30 before entry; tighten entry timing
2,4,SOLUSDT,EXIT,2026-07-17 02:39:26.646512+00,74.79000000,63430.10000000,-0.0063,-0.0082,,53.23,42.32,0.197143,,,,0.000004,1.1430,0.0132,13.4209,,ny_late,,77,,0.5000,,,UNKNOWN,Review raw DQS breakdown and macro context for edge cases
3,6,ETHUSDT,EXIT,2026-07-17 05:46:29.391928+00,1824.09000000,62889.80000000,-0.0100,-0.0147,,29.03,32.75,6.375000,,,,0.000045,-4.6880,0.0005,41.6703,,asian,,78,,0.5000,,,UNKNOWN,Review raw DQS breakdown and macro context for edge cases
4,3,XRPUSDT,EXIT,2026-07-17 06:47:45.236844+00,1.08550000,62847.70000000,0.0004,0.0056,,27.58,32.30,0.005664,,,,0.000100,-0.4260,0.0092,-48.7000,,overlap,,76,,0.5000,,,TIMING,Wait for ADX >= 25 and RSI >= 30 before entry; tighten entry timing
5,11,XRPUSDT,EXIT,2026-07-17 13:01:36.122408+00,1.07650000,63073.00000000,-0.0034,-0.0064,,68.72,37.98,0.003221,,,,-0.000034,-12.9330,0.0092,-24.3225,,london,,78,,0.5000,,,UNKNOWN,Review raw DQS breakdown and macro context for edge cases
6,8,SOLUSDT,EXIT,2026-07-17 13:07:06.041633+00,73.95000000,62931.30000000,-0.0049,-0.0103,,50.48,36.68,0.285000,,,,-0.000048,-1.4770,0.0133,3.4881,,asian,,70,,0.5000,,,UNKNOWN,Review raw DQS breakdown and macro context for edge cases
7,12,BNBUSDT,EXIT,2026-07-17 13:07:36.055752+00,558.20000000,62931.30000000,-0.0049,-0.0103,,29.27,55.47,1.192857,,,,-0.000044,0.4170,0.0177,-5.3199,,london,,77,,0.5000,,,UNKNOWN,Review raw DQS breakdown and macro context for edge cases
8,9,ETHUSDT,EXIT,2026-07-17 13:12:21.079139+00,1809.11000000,62783.50000000,-0.0071,-0.0147,,30.69,39.41,6.258571,,,,0.000045,-3.9680,0.0005,55.1348,,asian,,74,,0.5000,,,UNKNOWN,Review raw DQS breakdown and macro context for edge cases
9,29,ETHUSDT,EXIT,2026-07-17 16:48:39.252848+00,1838.39000000,63599.50000000,0.0074,0.0090,,19.80,30.46,6.593571,,,,0.000012,-4.0090,0.0006,-28.3601,,ny_open,,72,,0.5000,,,UNKNOWN,Review raw DQS breakdown and macro context for edge cases
10,30,SOLUSDT,EXIT,2026-07-18 05:42:06.198273+00,74.89000000,63929.00000000,0.0001,-0.0019,,67.37,25.02,0.135714,,,,-0.000012,0.2170,0.0133,8.3103,,asian,,67,,0.5000,,,UNKNOWN,Review raw DQS breakdown and macro context for edge cases
11,31,ETHUSDT,EXIT,2026-07-18 13:14:27.419019+00,1838.60000000,63965.90000000,-0.0021,-0.0039,,60.61,45.88,2.720714,,,,0.000018,-7.2600,0.0005,58.9491,,asian,,64,,0.5000,,,UNKNOWN,Review raw DQS breakdown and macro context for edge cases
12,32,SOLUSDT,EXIT,2026-07-18 13:20:27.529594+00,74.54000000,63971.40000000,-0.0016,-0.0039,,35.79,30.13,0.122857,,,,-0.000012,-0.0060,0.0133,-18.4531,,london,,53,,0.5000,,,UNKNOWN,Review raw DQS breakdown and macro context for edge cases
13,35,BTCUSDT,EXIT,2026-07-18 16:57:16.281104+00,64265.10000000,64265.10000000,0.0026,0.0026,,53.01,37.62,62.585714,,,,0.000029,-5.8970,0.0002,-60.3628,,ny_open,,80,,0.5000,,,UNKNOWN,Review raw DQS breakdown and macro context for edge cases
14,34,XRPUSDT,EXIT,2026-07-18 17:49:16.586972+00,1.09370000,64437.60000000,0.0049,0.0051,,44.27,28.88,0.001771,,,,-0.000043,0.6280,0.0092,-0.8712,,london,,66,,0.5000,,,UNKNOWN,Review raw DQS breakdown and macro context for edge cases
15,36,BTCUSDT,EXIT,2026-07-18 20:22:48.888773+00,64686.00000000,64686.00000000,0.0024,0.0024,,67.95,29.23,83.964286,,,,-0.000006,-3.8160,0.0002,71.3545,,overlap,,65,,0.5000,,,UNKNOWN,Review raw DQS breakdown and macro context for edge cases
16,38,SOLUSDT,EXIT,2026-07-19 02:35:39.405816+00,76.39000000,64873.10000000,0.0020,0.0114,,68.00,67.20,0.220714,,,,0.000031,1.5910,0.0133,19.7042,,overlap,,77,,0.5000,,,UNKNOWN,Review raw DQS breakdown and macro context for edge cases
17,39,XRPUSDT,EXIT,2026-07-19 02:36:09.449468+00,1.09840000,64873.10000000,0.0020,0.0049,,53.59,60.35,0.002257,,,,-0.000018,2.1920,0.0092,-28.4851,,ny_late,,59,,0.5000,,,UNKNOWN,Review raw DQS breakdown and macro context for edge cases
18,33,BNBUSDT,EXIT,2026-07-19 04:11:55.92958+00,567.80000000,64617.80000000,-0.0016,-0.0040,,70.21,43.00,0.628571,,,,0.000014,-1.3030,0.0176,-13.6943,,london,,78,,0.5000,,,UNKNOWN,Review raw DQS breakdown and macro context for edge cases
19,41,BNBUSDT,EXIT,2026-07-19 09:17:00.295527+00,567.40000000,64617.20000000,-0.0010,-0.0025,,82.35,35.85,0.585714,,,,0.000019,0.9270,0.0176,-1.8740,,london,,61,,0.5000,,,UNKNOWN,Review raw DQS breakdown and macro context for edge cases
20,43,BNBUSDT,EXIT,2026-07-19 11:25:02.605026+00,569.80000000,64581.90000000,0.0001,0.0037,,33.33,31.72,0.628571,,,,0.000000,0.0000,0.0000,0.0000,,london,,50,,0.5000,,,UNKNOWN,Review raw DQS breakdown and macro context for edge cases
21,40,SOLUSDT,EXIT,2026-07-19 16:37:31.165699+00,76.08000000,64544.00000000,-0.0003,-0.0037,,68.64,31.55,0.165000,,,,0.000002,1.5220,0.0132,10.3612,,asian,,63,,0.5000,,,CORRECT_SIGNAL,Extend hold time or widen TP for high-conviction setups
22,45,XRPUSDT,EXIT,2026-07-20 11:15:14.858543+00,1.09360000,64393.60000000,0.0026,0.0039,,45.03,26.03,0.002564,,,,-0.000007,0.4200,0.0091,1.9436,,ny_open,,63,,0.5000,,,TIMING,Wait for ADX >= 25 and RSI >= 30 before entry; tighten entry timing
23,37,ETHUSDT,EXIT,2026-07-20 11:15:15.109638+00,1875.26000000,64393.60000000,0.0026,0.0055,,74.62,44.01,4.589286,,,,0.000028,-0.5410,0.0005,48.5385,,overlap,,61,,0.5000,,,TIMING,Wait for ADX >= 25 and RSI >= 30 before entry; tighten entry timing
24,47,SOLUSDT,EXIT,2026-07-20 14:02:15.953658+00,76.23259110,64277.20000000,-0.0054,-0.0065,,65.38,27.53,0.296429,,,,-0.000022,-2.6790,0.0131,-3.0849,,london,,78,,0.5000,,,UNKNOWN,Review raw DQS breakdown and macro context for edge cases
25,46,ETHUSDT,EXIT,2026-07-20 17:56:03.744575+00,1906.85000000,65496.30000000,0.0006,0.0053,,61.17,31.24,6.547143,,,,-0.000008,0.1590,0.0005,62.8934,,london,,68,,0.5000,,,UNKNOWN,Review raw DQS breakdown and macro context for edge cases
26,49,SOLUSDT,EXIT,2026-07-21 10:31:31.97386+00,78.36000000,66339.70000000,0.0021,0.0015,,51.75,31.41,0.303571,,,,0.000081,1.3650,0.0129,9.5336,,ny_late,,65,,0.5000,,,CORRECT_SIGNAL,Extend hold time or widen TP for high-conviction setups
