id,trade_id,symbol,event_type,event_time,price_at_event,balance_before,balance_after,margin_delta,fee_applied,pnl_delta,running_pnl,detail
73,49,SOLUSDT,CLOSE,2026-07-21 10:31:31.957116+00,78.36000000,10170.2900,15787.1335,-5442.8700,12.058820,173.9735,,"{""netPct"": 3.1963555918109323, ""reason"": ""TIME_EXIT"", ""grossUsd"": 201.45599999999968, ""hoursHeld"": ""14.00""}"
72,49,SOLUSDT,FUNDING_SETTLEMENT,2026-07-21 08:00:13.958571+00,78.55000000,,,0.0000,1.770571,-1.7706,,"{""rate"": 0.00008056, ""sign"": -1, ""windowStart"": ""2026-07-21T08:00:00.000Z""}"
71,48,BTCUSDT,CLOSE,2026-07-21 07:58:58.981119+00,66197.40000000,10105.3700,11693.8834,-1525.0400,3.385997,63.4734,,"{""netPct"": 4.162081190657259, ""reason"": ""TIME_EXIT"", ""grossUsd"": 69.60119999999945, ""hoursHeld"": ""14.00""}"
70,48,BTCUSDT,FUNDING_SETTLEMENT,2026-07-21 00:00:08.962964+00,65149.20000000,,,0.0000,0.605888,-0.6059,,"{""rate"": 0.0001, ""sign"": -1, ""windowStart"": ""2026-07-21T00:00:00.000Z""}"
69,49,SOLUSDT,FUNDING_SETTLEMENT,2026-07-21 00:00:08.93975+00,77.81000000,,,0.0000,1.753891,-1.7539,,"{""rate"": 0.00008056, ""sign"": -1, ""windowStart"": ""2026-07-21T00:00:00.000Z""}"
68,46,ETHUSDT,CLOSE,2026-07-20 17:56:03.729447+00,1906.85000000,9490.3300,17584.2420,-7482.3500,16.780280,611.5620,,"{""netPct"": 8.173394989542032, ""reason"": ""TP_HIT"", ""grossUsd"": 645.9199999999983, ""hoursHeld"": ""6.46""}"
67,46,ETHUSDT,FUNDING_SETTLEMENT,2026-07-20 16:00:02.254953+00,1902.23000000,,,0.0000,0.234050,0.2341,,"{""rate"": -0.00000769, ""sign"": 1, ""windowStart"": ""2026-07-20T16:00:00.000Z""}"
66,47,SOLUSDT,CLOSE,2026-07-20 14:02:15.937175+00,76.23259110,9938.3900,19449.2672,-9980.6200,21.676737,-469.7428,,"{""netPct"": -4.706549679070909, ""reason"": ""SL_HIT"", ""grossUsd"": -422.600401300002, ""hoursHeld"": ""2.30""}"
65,37,ETHUSDT,CLOSE,2026-07-20 11:15:15.090448+00,1875.26000000,16918.3900,17400.5426,-500.6800,1.107716,-18.5274,,"{""netPct"": -3.7004466090117205, ""reason"": ""TIME_EXIT"", ""grossUsd"": -15.701879999999884, ""hoursHeld"": ""40.71""}"
64,44,BTCUSDT,CLOSE,2026-07-20 11:15:14.921198+00,64393.60000000,16422.4200,16918.3924,-500.0700,1.097911,-4.0976,,"{""netPct"": -0.819407458955719, ""reason"": ""TIME_EXIT"", ""grossUsd"": -0.3037999999998647, ""hoursHeld"": ""21.39""}"
63,45,XRPUSDT,CLOSE,2026-07-20 11:15:14.846493+00,1.09360000,10032.1400,16422.4183,-6438.5400,14.123352,-48.2617,,"{""netPct"": -0.7495744668822922, ""reason"": ""TIME_EXIT"", ""grossUsd"": -18.784800000003145, ""hoursHeld"": ""19.43""}"
62,37,ETHUSDT,FUNDING_SETTLEMENT,2026-07-20 11:15:14.813527+00,1875.26000000,,,0.0000,0.056534,0.0565,,"{""rate"": 0.00002807, ""sign"": 1, ""windowStart"": ""2026-07-20T08:00:00.000Z""}"
61,44,BTCUSDT,FUNDING_SETTLEMENT,2026-07-20 11:15:14.79686+00,64393.60000000,,,0.0000,0.199620,0.1996,,"{""rate"": 0.0001, ""sign"": 1, ""windowStart"": ""2026-07-20T08:00:00.000Z""}"
60,45,XRPUSDT,FUNDING_SETTLEMENT,2026-07-20 11:15:14.776614+00,1.09360000,,,0.0000,0.174102,0.1741,,"{""rate"": -0.00000678, ""sign"": 1, ""windowStart"": ""2026-07-20T08:00:00.000Z""}"
59,37,ETHUSDT,FUNDING_SETTLEMENT,2026-07-19 16:58:04.047546+00,1865.36000000,,,0.0000,0.056235,0.0562,,"{""rate"": 0.00002807, ""sign"": 1, ""windowStart"": ""2026-07-19T16:00:00.000Z""}"
58,44,BTCUSDT,FUNDING_SETTLEMENT,2026-07-19 16:58:04.035623+00,64509.90000000,,,0.0000,0.199981,0.2000,,"{""rate"": 0.0001, ""sign"": 1, ""windowStart"": ""2026-07-19T16:00:00.000Z""}"
57,45,XRPUSDT,FUNDING_SETTLEMENT,2026-07-19 16:58:04.016244+00,1.09460000,,,0.0000,0.174262,0.1743,,"{""rate"": -0.00000678, ""sign"": 1, ""windowStart"": ""2026-07-19T16:00:00.000Z""}"
56,40,SOLUSDT,CLOSE,2026-07-19 16:37:31.157499+00,76.08000000,10030.3500,10531.6438,-500.6000,1.100497,0.6938,,"{""netPct"": 0.13859424690371258, ""reason"": ""TIME_EXIT"", ""grossUsd"": 2.892999999999985, ""hoursHeld"": ""14.00""}"
55,37,ETHUSDT,FUNDING_SETTLEMENT,2026-07-19 16:22:46.320642+00,1870.03000000,,,0.0000,0.056376,0.0564,,"{""rate"": 0.00002807, ""sign"": 1, ""windowStart"": ""2026-07-19T16:00:00.000Z""}"
54,40,SOLUSDT,FUNDING_SETTLEMENT,2026-07-19 16:22:46.302607+00,76.08000000,,,0.0000,0.004262,-0.0043,,"{""rate"": 0.00000213, ""sign"": -1, ""windowStart"": ""2026-07-19T16:00:00.000Z""}"
53,44,BTCUSDT,FUNDING_SETTLEMENT,2026-07-19 16:22:46.289629+00,64544.00000000,,,0.0000,0.200086,0.2001,,"{""rate"": 0.0001, ""sign"": 1, ""windowStart"": ""2026-07-19T16:00:00.000Z""}"
52,45,XRPUSDT,FUNDING_SETTLEMENT,2026-07-19 16:22:46.273833+00,1.09630000,,,0.0000,0.174532,0.1745,,"{""rate"": -0.00000678, ""sign"": 1, ""windowStart"": ""2026-07-19T16:00:00.000Z""}"
51,37,ETHUSDT,FUNDING_SETTLEMENT,2026-07-19 16:01:42.487965+00,1869.93000000,,,0.0000,0.056373,0.0564,,"{""rate"": 0.00002807, ""sign"": 1, ""windowStart"": ""2026-07-19T16:00:00.000Z""}"
50,40,SOLUSDT,FUNDING_SETTLEMENT,2026-07-19 16:01:41.327321+00,76.22000000,,,0.0000,0.004270,-0.0043,,"{""rate"": 0.00000213, ""sign"": -1, ""windowStart"": ""2026-07-19T16:00:00.000Z""}"
49,44,BTCUSDT,FUNDING_SETTLEMENT,2026-07-19 16:01:30.407583+00,64544.00000000,,,0.0000,0.200086,0.2001,,"{""rate"": 0.0001, ""sign"": 1, ""windowStart"": ""2026-07-19T16:00:00.000Z""}"
48,37,ETHUSDT,FUNDING_SETTLEMENT,2026-07-19 15:39:43.992427+00,1869.23000000,,,0.0000,0.056352,0.0564,,"{""rate"": 0.00002807, ""sign"": 1, ""windowStart"": ""2026-07-19T08:00:00.000Z""}"
47,40,SOLUSDT,FUNDING_SETTLEMENT,2026-07-19 15:39:43.976684+00,76.08000000,,,0.0000,0.004262,-0.0043,,"{""rate"": 0.00000213, ""sign"": -1, ""windowStart"": ""2026-07-19T08:00:00.000Z""}"
46,43,BNBUSDT,CLOSE,2026-07-19 11:25:02.596489+00,569.80000000,10038.6100,10545.5286,-500.3200,1.103133,6.5986,,"{""netPct"": 1.3188693636072915, ""reason"": ""TP_HIT"", ""grossUsd"": 8.8, ""hoursHeld"": ""1.97""}"
45,41,BNBUSDT,CLOSE,2026-07-19 09:17:00.289003+00,567.40000000,10047.2400,10539.1839,-500.5700,1.095366,-8.6261,,"{""netPct"": -1.723248636554376, ""reason"": ""SL_HIT"", ""grossUsd"": -6.318000000000239, ""hoursHeld"": ""1.46""}"
44,37,ETHUSDT,FUNDING_SETTLEMENT,2026-07-19 08:00:14.18823+00,1868.37000000,,,0.0000,0.056326,0.0563,,"{""rate"": 0.00002807, ""sign"": 1, ""windowStart"": ""2026-07-19T08:00:00.000Z""}"
43,40,SOLUSDT,FUNDING_SETTLEMENT,2026-07-19 08:00:14.180345+00,76.06000000,,,0.0000,0.004261,-0.0043,,"{""rate"": 0.00000213, ""sign"": -1, ""windowStart"": ""2026-07-19T08:00:00.000Z""}"
42,41,BNBUSDT,FUNDING_SETTLEMENT,2026-07-19 08:00:14.170447+00,568.40000000,,,0.0000,0.037907,-0.0379,,"{""rate"": 0.000019, ""sign"": -1, ""windowStart"": ""2026-07-19T08:00:00.000Z""}"
41,33,BNBUSDT,CLOSE,2026-07-19 04:11:55.917457+00,567.80000000,10056.1700,10548.2602,-501.0100,1.096138,-8.9198,,"{""netPct"": -1.7803712301152308, ""reason"": ""SL_HIT"", ""grossUsd"": -6.6690000000003185, ""hoursHeld"": ""16.08""}"
40,39,XRPUSDT,CLOSE,2026-07-19 02:36:09.4417+00,1.09840000,10046.0900,10557.2158,-501.0500,1.106748,10.0758,,"{""netPct"": 2.0109274842830565, ""reason"": ""TP_HIT"", ""grossUsd"": 12.457600000000255, ""hoursHeld"": ""3.85""}"
39,38,SOLUSDT,CLOSE,2026-07-19 02:35:39.39935+00,76.39000000,10017.7100,10544.7519,-499.7600,1.113384,27.2819,,"{""netPct"": 5.459003471666424, ""reason"": ""TP_HIT"", ""grossUsd"": 29.68000000000012, ""hoursHeld"": ""7.28""}"
38,33,BNBUSDT,FUNDING_SETTLEMENT,2026-07-19 00:00:07.088887+00,570.30000000,,,0.0000,0.027444,-0.0274,,"{""rate"": 0.00001371, ""sign"": -1, ""windowStart"": ""2026-07-19T00:00:00.000Z""}"
37,37,ETHUSDT,FUNDING_SETTLEMENT,2026-07-19 00:00:07.077302+00,1861.87000000,,,0.0000,0.056130,0.0561,,"{""rate"": 0.00002807, ""sign"": 1, ""windowStart"": ""2026-07-19T00:00:00.000Z""}"
36,38,SOLUSDT,FUNDING_SETTLEMENT,2026-07-19 00:00:07.071845+00,75.48000000,,,0.0000,0.062747,-0.0627,,"{""rate"": 0.00003137, ""sign"": -1, ""windowStart"": ""2026-07-19T00:00:00.000Z""}"
35,39,XRPUSDT,FUNDING_SETTLEMENT,2026-07-19 00:00:07.063794+00,1.09220000,,,0.0000,0.035056,0.0351,,"{""rate"": -0.00001752, ""sign"": 1, ""windowStart"": ""2026-07-19T00:00:00.000Z""}"
34,36,BTCUSDT,CLOSE,2026-07-18 20:22:48.881995+00,64686.00000000,10008.6900,10517.3083,-499.5900,1.102896,9.0283,,"{""netPct"": 1.8071425969295, ""reason"": ""TP_HIT"", ""grossUsd"": 11.27780000000009, ""hoursHeld"": ""2.61""}"
33,34,XRPUSDT,CLOSE,2026-07-18 17:49:16.579947+00,1.09370000,10023.4500,10511.7443,-500.8600,1.105020,-12.5657,,"{""netPct"": -2.5088287735095043, ""reason"": ""SL_HIT"", ""grossUsd"": -10.103499999999704, ""hoursHeld"": ""5.71""}"
32,35,BTCUSDT,CLOSE,2026-07-18 16:57:16.259375+00,64265.10000000,10033.6600,10519.2958,-496.9400,1.095720,-11.3042,,"{""netPct"": -2.2747655562039495, ""reason"": ""SL_HIT"", ""grossUsd"": -8.825699999999909, ""hoursHeld"": ""3.64""}"
31,34,XRPUSDT,FUNDING_SETTLEMENT,2026-07-18 16:00:14.976549+00,1.08670000,,,0.0000,0.085760,-0.0858,,"{""rate"": -0.00004296, ""sign"": -1, ""windowStart"": ""2026-07-18T16:00:00.000Z""}"
30,33,BNBUSDT,FUNDING_SETTLEMENT,2026-07-18 16:00:14.970793+00,570.00000000,,,0.0000,0.027430,-0.0274,,"{""rate"": 0.00001371, ""sign"": -1, ""windowStart"": ""2026-07-18T16:00:00.000Z""}"
29,35,BTCUSDT,FUNDING_SETTLEMENT,2026-07-18 16:00:14.9634+00,64098.50000000,,,0.0000,0.058459,0.0585,,"{""rate"": 0.00002942, ""sign"": 1, ""windowStart"": ""2026-07-18T16:00:00.000Z""}"
28,32,SOLUSDT,CLOSE,2026-07-18 13:20:27.523121+00,74.54000000,10026.0100,10532.8453,-499.2500,1.090520,7.5853,,"{""netPct"": 1.519334962443614, ""reason"": ""TP_HIT"", ""grossUsd"": 9.841999999999743, ""hoursHeld"": ""6.09""}"
27,31,ETHUSDT,CLOSE,2026-07-18 13:14:27.412621+00,1838.60000000,10036.1600,10525.5896,-500.6700,1.094151,-11.2404,,"{""netPct"": -2.2450657838496397, ""reason"": ""SL_HIT"", ""grossUsd"": -8.93731999999999, ""hoursHeld"": ""7.18""}"
26,31,ETHUSDT,FUNDING_SETTLEMENT,2026-07-18 08:00:08.043303+00,1843.47000000,,,0.0000,0.036502,-0.0365,,"{""rate"": 0.0000183, ""sign"": -1, ""windowStart"": ""2026-07-18T08:00:00.000Z""}"
25,32,SOLUSDT,FUNDING_SETTLEMENT,2026-07-18 08:00:08.033816+00,74.93000000,,,0.0000,0.023459,-0.0235,,"{""rate"": -0.00001177, ""sign"": -1, ""windowStart"": ""2026-07-18T08:00:00.000Z""}"
24,30,SOLUSDT,CLOSE,2026-07-18 05:42:06.190953+00,74.89000000,10052.5400,10539.3521,-499.9600,1.091522,-13.1479,,"{""netPct"": -2.629794733578668, ""reason"": ""SL_HIT"", ""grossUsd"": -10.86499999999991, ""hoursHeld"": ""3.21""}"
23,29,ETHUSDT,CLOSE,2026-07-17 16:48:39.245404+00,1838.39000000,10088.9700,10553.4263,-500.8900,1.118293,-36.4337,,"{""netPct"": -7.273787186208584, ""reason"": ""SL_HIT"", ""grossUsd"": -34.09798000000018, ""hoursHeld"": ""3.10""}"
22,29,ETHUSDT,FUNDING_SETTLEMENT,2026-07-17 16:00:08.530768+00,1828.59000000,,,0.0000,0.023804,0.0238,,"{""rate"": 0.00001177, ""sign"": 1, ""windowStart"": ""2026-07-17T16:00:00.000Z""}"
21,28,BTCUSDT,CLOSE,2026-07-17 14:00:36.747431+00,63168.20000000,10105.6100,10574.6757,-486.7600,1.077018,-17.6943,,"{""netPct"": -3.6351215814775157, ""reason"": ""SL_HIT"", ""grossUsd"": -15.456599999999955, ""hoursHeld"": ""0.38""}"
20,27,BTCUSDT,CLOSE,2026-07-17 13:34:36.511691+00,62758.80000000,10119.8600,10596.9096,-490.2100,1.070038,-13.1604,,"{""netPct"": -2.684653014014375, ""reason"": ""SL_HIT"", ""grossUsd"": -11.014299999999865, ""hoursHeld"": ""0.55""}"
19,9,ETHUSDT,CLOSE,2026-07-17 13:12:21.069646+00,1809.11000000,10093.1000,10619.4574,-500.7000,1.083566,25.6574,,"{""netPct"": 5.1242966977231905, ""reason"": ""TP_HIT"", ""grossUsd"": 28.292220000000018, ""hoursHeld"": ""7.39""}"
18,12,BNBUSDT,CLOSE,2026-07-17 13:07:36.048211+00,558.20000000,10070.1800,10591.8070,-499.8000,1.083745,21.8270,,"{""netPct"": 4.367137795118031, ""reason"": ""TP_HIT"", ""grossUsd"": 24.356999999999918, ""hoursHeld"": ""3.20""}"
17,8,SOLUSDT,CLOSE,2026-07-17 13:07:06.035137+00,73.95000000,10037.8900,10568.5129,-499.4300,1.077821,31.1929,,"{""netPct"": 6.245695843261297, ""reason"": ""TP_HIT"", ""grossUsd"": 33.654999999999895, ""hoursHeld"": ""9.27""}"
16,11,XRPUSDT,CLOSE,2026-07-17 13:01:36.112517+00,1.07650000,10060.0100,10538.8127,-500.9400,1.088826,-22.1373,,"{""netPct"": -4.419157169521275, ""reason"": ""SL_HIT"", ""grossUsd"": -19.677299999999875, ""hoursHeld"": ""3.44""}"
15,10,BTCUSDT,CLOSE,2026-07-17 11:46:04.794993+00,63299.60000000,10077.9300,10546.3991,-487.4600,1.079258,-18.9909,,"{""netPct"": -3.8958803142821887, ""reason"": ""SL_HIT"", ""grossUsd"": -16.727599999999956, ""hoursHeld"": ""5.44""}"
14,8,SOLUSDT,FUNDING_SETTLEMENT,2026-07-17 08:00:01.424104+00,74.62000000,,,0.0000,0.094996,-0.0950,,"{""rate"": -0.00004804, ""sign"": -1, ""windowStart"": ""2026-07-17T08:00:00.000Z""}"
13,9,ETHUSDT,FUNDING_SETTLEMENT,2026-07-17 08:00:01.416533+00,1826.99000000,,,0.0000,0.090129,0.0901,,"{""rate"": 0.0000453, ""sign"": 1, ""windowStart"": ""2026-07-17T08:00:00.000Z""}"
12,10,BTCUSDT,FUNDING_SETTLEMENT,2026-07-17 08:00:01.406341+00,62798.20000000,,,0.0000,0.022796,0.0228,,"{""rate"": 0.00001171, ""sign"": 1, ""windowStart"": ""2026-07-17T08:00:00.000Z""}"
11,3,XRPUSDT,CLOSE,2026-07-17 06:47:45.230561+00,1.08550000,10086.6200,10580.1236,-501.0800,1.097332,-7.5764,,"{""netPct"": -1.5120204258801568, ""reason"": ""TIME_EXIT"", ""grossUsd"": -4.77880000000029, ""hoursHeld"": ""12.00""}"
10,7,BTCUSDT,CLOSE,2026-07-17 06:17:44.886435+00,62697.00000000,10062.5600,10580.1695,-493.5600,1.068984,24.0495,,"{""netPct"": 4.872663131128922, ""reason"": ""TP_HIT"", ""grossUsd"": 26.29419999999991, ""hoursHeld"": ""4.08""}"
9,6,ETHUSDT,CLOSE,2026-07-17 05:46:29.384143+00,1824.09000000,10025.0000,10563.4539,-500.8900,1.077490,37.5639,,"{""netPct"": 7.499425030845128, ""reason"": ""TP_HIT"", ""grossUsd"": 40.10316000000016, ""hoursHeld"": ""4.84""}"
8,4,SOLUSDT,CLOSE,2026-07-17 02:39:26.637786+00,74.79000000,9999.0800,10524.8772,-499.8800,1.081837,25.9172,,"{""netPct"": 5.184676852444551, ""reason"": ""TP_HIT"", ""grossUsd"": 28.14099999999982, ""hoursHeld"": ""4.55""}"
7,5,BTCUSDT,CLOSE,2026-07-17 02:11:26.221931+00,63418.10000000,9990.1200,10494.5182,-495.4400,1.081279,8.9582,,"{""netPct"": 1.8081344653237617, ""reason"": ""TP_HIT"", ""grossUsd"": 11.435900000000045, ""hoursHeld"": ""2.55""}"
6,3,XRPUSDT,FUNDING_SETTLEMENT,2026-07-17 00:00:09.374072+00,1.08640000,,,0.0000,0.199680,-0.1997,,"{""rate"": 0.0001, ""sign"": -1, ""windowStart"": ""2026-07-17T00:00:00.000Z""}"
5,4,SOLUSDT,FUNDING_SETTLEMENT,2026-07-17 00:00:09.363142+00,75.27000000,,,0.0000,0.008869,0.0089,,"{""rate"": 0.00000448, ""sign"": 1, ""windowStart"": ""2026-07-17T00:00:00.000Z""}"
4,5,BTCUSDT,FUNDING_SETTLEMENT,2026-07-17 00:00:09.348525+00,63804.40000000,,,0.0000,0.061771,0.0618,,"{""rate"": 0.00003123, ""sign"": 1, ""windowStart"": ""2026-07-17T00:00:00.000Z""}"
3,1,XRPUSDT,CLOSE,2026-07-15 19:39:15.163297+00,1.10430000,9999.3000,10494.0992,-500.8300,1.097509,-6.0308,,"{""netPct"": -1.2041628007507583, ""reason"": ""TIME_EXIT"", ""grossUsd"": -3.433300000000023, ""hoursHeld"": ""12.00""}"
2,1,XRPUSDT,FUNDING_SETTLEMENT,2026-07-15 16:00:12.40802+00,1.10430000,,,0.0000,0.199547,-0.1995,,"{""rate"": 0.0001, ""sign"": -1, ""windowStart"": ""2026-07-15T16:00:00.000Z""}"
1,1,XRPUSDT,FUNDING_SETTLEMENT,2026-07-15 08:00:07.270555+00,1.10430000,,,0.0000,0.199547,-0.1995,,"{""rate"": 0.0001, ""sign"": -1, ""windowStart"": ""2026-07-15T08:00:00.000Z""}"
