id,timestamp,vector_id,score,old_price,new_price,reason,vector_snapshot
6eb93094-3365-4a87-8222-c13d8f3365ac,2026-07-05 00:32:10.569057+00,15268103-0ec2-4e4a-888c-88a7c97c3a0f,30.81,1,0.6162,"Trade closed. New score: 30.81, Confidence: 0.00","{""sharpe"": 0, ""sortino"": 0, ""drawdown"": 0, ""win_rate"": 0, ""stability"": 50, ""timestamp"": ""2026-07-05T00:32:10.552Z"", ""expectancy"": -0.2385, ""risk_score"": 10, ""capital_growth"": 0}"
50093ad0-46ca-40c3-a37c-4891f15729fc,2026-07-05 01:24:11.670057+00,6d169b02-9013-40a1-a0c6-fcd49c76113e,36.73,0.6162,0.4527,"Trade closed. New score: 36.73, Confidence: 0.00","{""sharpe"": 0, ""sortino"": 0, ""drawdown"": 0, ""win_rate"": 0, ""stability"": 98.2, ""timestamp"": ""2026-07-05T01:24:11.647Z"", ""expectancy"": -0.2022, ""risk_score"": 10, ""capital_growth"": 0}"
5f9ef94d-22c8-4c03-adff-6d15524e2f60,2026-07-05 02:22:01.595296+00,e5897e99-664e-4d6f-94d6-aae504706ec1,36.73,0.4527,0.3326,"Trade closed. New score: 36.73, Confidence: 0.00","{""sharpe"": 0, ""sortino"": 0, ""drawdown"": 0, ""win_rate"": 0, ""stability"": 98.2, ""timestamp"": ""2026-07-05T02:22:01.563Z"", ""expectancy"": -0.2022, ""risk_score"": 10, ""capital_growth"": 0}"
7c038127-3f20-486b-b785-1a658a51370b,2026-07-05 11:32:49.409172+00,ddbab3c2-78c3-4a82-befe-f7e1cf193a9f,36.73,0.3326,0.2443,"Trade closed. New score: 36.73, Confidence: 0.00","{""sharpe"": 0, ""sortino"": 0, ""drawdown"": 0, ""win_rate"": 0, ""stability"": 98.2, ""timestamp"": ""2026-07-05T11:32:49.365Z"", ""expectancy"": -0.2022, ""risk_score"": 10, ""capital_growth"": 0}"
b9d7ee9e-e6ee-4eb8-a1da-f55920c7fab0,2026-07-06 14:04:08.786779+00,0291c73a-f3a5-4dde-9cc3-d71d30b57eb4,36.73,0.2443,0.1795,"Trade closed. New score: 36.73, Confidence: 0.00","{""sharpe"": 0, ""sortino"": 0, ""drawdown"": 0, ""win_rate"": 0, ""stability"": 98.2, ""timestamp"": ""2026-07-06T14:04:08.766Z"", ""expectancy"": -0.2022, ""risk_score"": 10, ""capital_growth"": 0}"
676f4b78-1dd6-4060-b8a8-531384edd1ba,2026-07-06 14:24:57.493988+00,285ff5c9-8d05-4a9b-a089-28cc8c26c53b,16.24,0.1795,0.0583,"Trade closed. New score: 16.24, Confidence: 0.53","{""sharpe"": 0, ""sortino"": 0, ""drawdown"": 103.72, ""win_rate"": 50, ""stability"": 0, ""timestamp"": ""2026-07-06T14:24:57.457Z"", ""expectancy"": -0.0036, ""risk_score"": 100, ""capital_growth"": 0}"
2289d8ed-28dd-453e-9840-85b1bf6f446b,2026-07-06 14:25:12.410885+00,e647852b-4242-4ff2-9d24-3ef01fc79e5e,20.86,0.0583,0.0243,"Trade closed. New score: 20.86, Confidence: 0.50","{""sharpe"": 0, ""sortino"": 0, ""drawdown"": 393.25, ""win_rate"": 50, ""stability"": 39.52, ""timestamp"": ""2026-07-06T14:25:12.395Z"", ""expectancy"": -0.035, ""risk_score"": 100, ""capital_growth"": 0}"
ed043b84-1a7d-439a-85e9-717368a5b238,2026-07-06 16:12:13.456369+00,b451efd9-1cc3-47c2-9380-1ea9b4d706ba,38.41,0.0243,0.0187,"Trade closed. New score: 38.41, Confidence: 0.00","{""sharpe"": 0, ""sortino"": 0, ""drawdown"": 0, ""win_rate"": 37.5, ""stability"": 77.55, ""timestamp"": ""2026-07-06T16:12:13.441Z"", ""expectancy"": -0.0934, ""risk_score"": 10, ""capital_growth"": 0}"
99e93bc4-ba02-469c-9db8-895ca2cc0bf4,2026-07-07 04:33:35.954954+00,dc049a48-56ea-49df-8269-4ea801e0ee7f,38.41,0.0187,0.0144,"Trade closed. New score: 38.41, Confidence: 0.00","{""sharpe"": 0, ""sortino"": 0, ""drawdown"": 0, ""win_rate"": 33.33, ""stability"": 81.65, ""timestamp"": ""2026-07-07T04:33:35.932Z"", ""expectancy"": -0.1112, ""risk_score"": 10, ""capital_growth"": 0}"
6686b04c-1173-4404-81e9-c4c67a6e6f86,2026-07-07 06:19:37.155229+00,7990cb02-e743-4a4c-ba2a-0af5e7f1a79e,23.14,0.0144,0.01,"Trade closed. New score: 23.14, Confidence: 0.33","{""sharpe"": 0, ""sortino"": 0, ""drawdown"": 346.37, ""win_rate"": 40, ""stability"": 68, ""timestamp"": ""2026-07-07T06:19:37.139Z"", ""expectancy"": -0.0712, ""risk_score"": 100, ""capital_growth"": 0}"
9c983d9e-84be-4f52-ac8a-cb6b851fab29,2026-07-07 10:21:03.063147+00,89070a25-22da-454f-aa91-867e8c011c4f,23.14,0.01,0.01,"Trade closed. New score: 23.14, Confidence: 0.33","{""sharpe"": 0, ""sortino"": 0, ""drawdown"": 346.37, ""win_rate"": 40, ""stability"": 68, ""timestamp"": ""2026-07-07T10:21:03.041Z"", ""expectancy"": -0.0712, ""risk_score"": 100, ""capital_growth"": 0}"
789e5587-4a39-44e7-8904-19cfb8253ab1,2026-07-07 11:43:21.308216+00,5f71c8e0-435d-4148-9ecc-4164d5206bde,23.14,0.01,0.01,"Trade closed. New score: 23.14, Confidence: 0.33","{""sharpe"": 0, ""sortino"": 0, ""drawdown"": 346.37, ""win_rate"": 40, ""stability"": 68, ""timestamp"": ""2026-07-07T11:43:21.290Z"", ""expectancy"": -0.0712, ""risk_score"": 100, ""capital_growth"": 0}"
4d0d4059-5c93-4c86-9a51-a06de0398f15,2026-07-07 12:10:07.690938+00,3d938b7e-a731-41ee-b666-c5a887330f9a,23.54,0.01,0.01,"Trade closed. New score: 23.54, Confidence: 0.26","{""sharpe"": 0, ""sortino"": 0, ""drawdown"": 6141.1, ""win_rate"": 36.36, ""stability"": 74.89, ""timestamp"": ""2026-07-07T12:10:07.663Z"", ""expectancy"": -0.0895, ""risk_score"": 100, ""capital_growth"": 0}"
25c60948-5f6f-4fc3-b5f9-1e0e01dbea67,2026-07-07 12:10:37.646793+00,652dd364-17a3-4c31-b40e-c0a25174a2a8,38.11,0.01,0.01,"Trade closed. New score: 38.11, Confidence: 0.00","{""sharpe"": 0, ""sortino"": 0, ""drawdown"": 0, ""win_rate"": 33.33, ""stability"": 78.96, ""timestamp"": ""2026-07-07T12:10:37.607Z"", ""expectancy"": -0.1052, ""risk_score"": 10, ""capital_growth"": 0}"
746d65cf-3207-4829-a312-dcee2bc377e8,2026-07-07 12:15:07.380734+00,0be76c80-e5a4-4855-a8d2-a871ef684643,22.77,0.01,0.01,"Trade closed. New score: 22.77, Confidence: 0.35","{""sharpe"": 0, ""sortino"": 0, ""drawdown"": 382, ""win_rate"": 38.46, ""stability"": 66.2, ""timestamp"": ""2026-07-07T12:15:07.359Z"", ""expectancy"": -0.0717, ""risk_score"": 100, ""capital_growth"": 0}"
582b845f-32a4-42f0-bab7-b03318a0b29e,2026-07-07 14:37:24.506978+00,a91de9a7-6c3f-44f7-aa0d-3d7abfb3970b,23.04,0.01,0.01,"Trade closed. New score: 23.04, Confidence: 0.31","{""sharpe"": 0, ""sortino"": 0, ""drawdown"": 1042, ""win_rate"": 35.71, ""stability"": 71.03, ""timestamp"": ""2026-07-07T14:37:24.488Z"", ""expectancy"": -0.0815, ""risk_score"": 100, ""capital_growth"": 0}"
ab1a767e-7c2d-443d-86f5-f520f36caaa2,2026-07-07 15:25:10.40413+00,48f5e2e2-9ce4-4cd0-95b4-4af29a020335,37.57,0.01,0.01,"Trade closed. New score: 37.57, Confidence: 0.00","{""sharpe"": 0, ""sortino"": 0, ""drawdown"": 0, ""win_rate"": 33.33, ""stability"": 73.87, ""timestamp"": ""2026-07-07T15:25:10.387Z"", ""expectancy"": -0.0878, ""risk_score"": 10, ""capital_growth"": 0}"
02395aa5-51dc-437d-81b5-33cd32520e41,2026-07-07 15:36:25.583445+00,67c45f76-ce1b-4def-a9a1-0da5dc46f026,37.76,0.01,0.01,"Trade closed. New score: 37.76, Confidence: 0.00","{""sharpe"": 0, ""sortino"": 0, ""drawdown"": 0, ""win_rate"": 31.25, ""stability"": 77.65, ""timestamp"": ""2026-07-07T15:36:25.567Z"", ""expectancy"": -0.1027, ""risk_score"": 10, ""capital_growth"": 0}"
cdc41415-01ff-4179-a846-5b40d78f0215,2026-07-08 01:37:06.939334+00,f767a3be-c3e4-4356-8e74-9c39bdc6b60c,37.78,0.01,0.01,"Trade closed. New score: 37.78, Confidence: 0.00","{""sharpe"": 0, ""sortino"": 0, ""drawdown"": 0, ""win_rate"": 29.41, ""stability"": 79.61, ""timestamp"": ""2026-07-08T01:37:06.922Z"", ""expectancy"": -0.1102, ""risk_score"": 10, ""capital_growth"": 0}"
e22f279a-311a-448c-96e5-c5aaf90c9e9f,2026-07-08 02:36:38.242595+00,b8d0e4ee-b1c3-4492-a1a7-097ff2cedf43,37.78,0.01,0.01,"Trade closed. New score: 37.78, Confidence: 0.00","{""sharpe"": 0, ""sortino"": 0, ""drawdown"": 0, ""win_rate"": 27.78, ""stability"": 81.14, ""timestamp"": ""2026-07-08T02:36:38.207Z"", ""expectancy"": -0.1166, ""risk_score"": 10, ""capital_growth"": 0}"
4da47fa7-7f12-4331-a66e-60c02bdb39c9,2026-07-08 07:06:16.337251+00,b81d1a02-7576-442f-900c-ebaf8ed8f4f1,22.34,0.01,0.01,"Trade closed. New score: 22.34, Confidence: 0.36","{""sharpe"": 0, ""sortino"": 0, ""drawdown"": 394.51, ""win_rate"": 31.58, ""stability"": 68.66, ""timestamp"": ""2026-07-08T07:06:16.310Z"", ""expectancy"": -0.0825, ""risk_score"": 100, ""capital_growth"": 0}"
0b79ae61-1e38-48cf-bbca-eceeb954099c,2026-07-08 08:22:19.271046+00,154b9495-566d-4a3f-8310-bb74cd129c7f,22.55,0.01,0.01,"Trade closed. New score: 22.55, Confidence: 0.32","{""sharpe"": 0, ""sortino"": 0, ""drawdown"": 759.33, ""win_rate"": 30, ""stability"": 72.04, ""timestamp"": ""2026-07-08T08:22:19.245Z"", ""expectancy"": -0.0911, ""risk_score"": 100, ""capital_growth"": 0}"
c98cb47c-9814-43c3-80f1-deae4c0f1da0,2026-07-08 08:27:48.60682+00,e1e66e40-e51a-43ac-8918-a1f5827c328d,22.59,0.01,0.01,"Trade closed. New score: 22.59, Confidence: 0.30","{""sharpe"": 0, ""sortino"": 0, ""drawdown"": 1857.35, ""win_rate"": 28.57, ""stability"": 73.66, ""timestamp"": ""2026-07-08T08:27:48.586Z"", ""expectancy"": -0.0946, ""risk_score"": 100, ""capital_growth"": 0}"
2d268a9a-0dad-4dc9-8fdd-8e74d420d437,2026-07-08 08:28:32.875268+00,31d5f6d1-330e-4520-b09f-87086b54aa2c,21.66,0.01,0.01,"Trade closed. New score: 21.66, Confidence: 0.43","{""sharpe"": 0, ""sortino"": 0, ""drawdown"": 389.17, ""win_rate"": 31.82, ""stability"": 62.41, ""timestamp"": ""2026-07-08T08:28:32.853Z"", ""expectancy"": -0.0709, ""risk_score"": 100, ""capital_growth"": 0}"
21c453e9-fea1-4fae-bb0f-72faf4541598,2026-07-08 17:42:12.219847+00,84bf0be7-6547-490d-a97f-59ae15dd4255,21.66,0.01,0.01,"Trade closed. New score: 21.66, Confidence: 0.43","{""sharpe"": 0, ""sortino"": 0, ""drawdown"": 389.17, ""win_rate"": 31.82, ""stability"": 62.41, ""timestamp"": ""2026-07-08T17:42:12.185Z"", ""expectancy"": -0.0709, ""risk_score"": 100, ""capital_growth"": 0}"
f2769bc7-cb56-4f0e-bfe3-ff70acbad408,2026-07-09 08:52:50.224923+00,d27ce1f1-414c-4f09-a522-5622a8bb6774,22.04,0.01,0.01,"Trade closed. New score: 22.04, Confidence: 0.37","{""sharpe"": 0, ""sortino"": 0, ""drawdown"": 1287.61, ""win_rate"": 29.17, ""stability"": 68.09, ""timestamp"": ""2026-07-09T08:52:50.181Z"", ""expectancy"": -0.0807, ""risk_score"": 100, ""capital_growth"": 0}"
58d7c244-8b1d-49ef-9c4b-c31534dad9d4,2026-07-09 18:11:44.490948+00,9bf95387-a3ad-4664-a3b9-3163f259f0cd,36.63,0.01,0.01,"Trade closed. New score: 36.63, Confidence: 0.00","{""sharpe"": 0, ""sortino"": 0, ""drawdown"": 0, ""win_rate"": 28, ""stability"": 70.44, ""timestamp"": ""2026-07-09T18:11:44.472Z"", ""expectancy"": -0.0857, ""risk_score"": 10, ""capital_growth"": 0}"
74c28128-0b2f-4d2c-bbae-59dfebfadd4b,2026-07-09 20:12:16.562941+00,3ea8d818-d3b3-409f-a096-a46e9a5d35bf,36.65,0.01,0.01,"Trade closed. New score: 36.65, Confidence: 0.00","{""sharpe"": 0, ""sortino"": 0, ""drawdown"": 0, ""win_rate"": 26.92, ""stability"": 71.59, ""timestamp"": ""2026-07-09T20:12:16.546Z"", ""expectancy"": -0.0875, ""risk_score"": 10, ""capital_growth"": 0}"
7f13f114-c3b3-46ed-bbdd-e361a5d25220,2026-07-10 00:44:36.80887+00,08737656-24a1-4201-b328-3b63075f5e02,36.54,0.01,0.01,"Trade closed. New score: 36.54, Confidence: 0.00","{""sharpe"": 0, ""sortino"": 0, ""drawdown"": 0, ""win_rate"": 25.93, ""stability"": 71.37, ""timestamp"": ""2026-07-10T00:44:36.793Z"", ""expectancy"": -0.0853, ""risk_score"": 10, ""capital_growth"": 0}"
2f241b64-4719-466b-b0fe-05ba17730278,2026-07-10 04:54:11.243512+00,ee01c0fd-e983-4afb-bb97-88ead09f40f3,21.65,0.01,0.01,"Trade closed. New score: 21.65, Confidence: 0.41","{""sharpe"": 0, ""sortino"": 0, ""drawdown"": 777.68, ""win_rate"": 28.57, ""stability"": 65.11, ""timestamp"": ""2026-07-10T04:54:11.225Z"", ""expectancy"": -0.0717, ""risk_score"": 100, ""capital_growth"": 0}"
b08a7bfe-2e5f-4466-8be6-10261c923352,2026-07-10 13:53:06.245052+00,7a8d7569-4578-4f31-8159-8fa02bbe2764,36.49,0.01,0.01,"Trade closed. New score: 36.49, Confidence: 0.00","{""sharpe"": 0, ""sortino"": 0, ""drawdown"": 0, ""win_rate"": 27.59, ""stability"": 69.56, ""timestamp"": ""2026-07-10T13:53:06.227Z"", ""expectancy"": -0.0831, ""risk_score"": 10, ""capital_growth"": 0}"
508d478a-19a8-470b-9a7d-24ffa00475b2,2026-07-10 14:05:06.49358+00,4087eff0-a946-4c81-a50e-c0e3c2ff28bb,36.61,0.01,0.01,"Trade closed. New score: 36.61, Confidence: 0.00","{""sharpe"": 0, ""sortino"": 0, ""drawdown"": 0, ""win_rate"": 26.67, ""stability"": 71.45, ""timestamp"": ""2026-07-10T14:05:06.477Z"", ""expectancy"": -0.0876, ""risk_score"": 10, ""capital_growth"": 0}"
6ed759c0-f8bc-43e3-8817-5bd182c0e93c,2026-07-10 15:00:52.586864+00,2060a862-79e1-4a06-a1ce-1edc2865736e,36.52,0.01,0.01,"Trade closed. New score: 36.52, Confidence: 0.00","{""sharpe"": 0, ""sortino"": 0, ""drawdown"": 0, ""win_rate"": 25.81, ""stability"": 71.36, ""timestamp"": ""2026-07-10T15:00:52.567Z"", ""expectancy"": -0.0859, ""risk_score"": 10, ""capital_growth"": 0}"
310afb85-5d06-4c10-899f-9cbae1720128,2026-07-10 18:25:18.298333+00,7dee5224-30fb-45ad-9b51-963f176868e7,36.52,0.01,0.01,"Trade closed. New score: 36.52, Confidence: 0.00","{""sharpe"": 0, ""sortino"": 0, ""drawdown"": 0, ""win_rate"": 25.81, ""stability"": 71.36, ""timestamp"": ""2026-07-10T18:25:18.269Z"", ""expectancy"": -0.0859, ""risk_score"": 10, ""capital_growth"": 0}"
5315229e-2323-4cca-8f54-d2cf36e88bf0,2026-07-15 06:50:52.339915+00,d46e3499-4665-414e-92de-3cf2ce5dbbe8,19.66,0.01,0.01,"Trade closed. New score: 19.66, Confidence: 0.57","{""sharpe"": 0, ""sortino"": 0, ""drawdown"": 294.01, ""win_rate"": 29.41, ""stability"": 47.34, ""timestamp"": ""2026-07-15T06:50:52.281Z"", ""expectancy"": -0.0553, ""risk_score"": 100, ""capital_growth"": 0}"
6e1513b2-9d69-4e96-8b15-6462b3cb1642,2026-07-15 19:39:15.276118+00,983eff39-a888-4a5d-86f3-afa2b0539a08,31.47,0.01,0.01,"Trade closed. New score: 31.47, Confidence: 0.00","{""sharpe"": 0, ""sortino"": 0, ""drawdown"": 0, ""win_rate"": 0, ""stability"": 50, ""timestamp"": ""2026-07-15T19:39:15.258Z"", ""expectancy"": -0.0603, ""risk_score"": 10, ""capital_growth"": 0}"
f70ebf09-d422-481d-ab7b-362aa94d8092,2026-07-16 07:44:15.055254+00,3aa94780-0586-49b6-a2aa-9ad37cd0c34b,31.47,0.01,0.01,"Trade closed. New score: 31.47, Confidence: 0.00","{""sharpe"": 0, ""sortino"": 0, ""drawdown"": 0, ""win_rate"": 0, ""stability"": 50, ""timestamp"": ""2026-07-16T07:44:14.995Z"", ""expectancy"": -0.0603, ""risk_score"": 10, ""capital_growth"": 0}"
080dbb75-fb61-4975-9997-fc10157d3a03,2026-07-16 08:10:44.931725+00,c653a587-ace9-44c8-99de-abc9e26d5a2a,31.47,0.01,0.01,"Trade closed. New score: 31.47, Confidence: 0.00","{""sharpe"": 0, ""sortino"": 0, ""drawdown"": 0, ""win_rate"": 0, ""stability"": 50, ""timestamp"": ""2026-07-16T08:10:44.908Z"", ""expectancy"": -0.0603, ""risk_score"": 10, ""capital_growth"": 0}"
151106bd-705e-404f-8cd2-ba74b26896bf,2026-07-16 09:03:25.701028+00,108e75ec-25fb-47fa-9b10-10dacb08b91d,31.47,0.01,0.01,"Trade closed. New score: 31.47, Confidence: 0.00","{""sharpe"": 0, ""sortino"": 0, ""drawdown"": 0, ""win_rate"": 0, ""stability"": 50, ""timestamp"": ""2026-07-16T09:03:25.666Z"", ""expectancy"": -0.0603, ""risk_score"": 10, ""capital_growth"": 0}"
19cad6a8-d3b4-465a-b345-b94939479e3f,2026-07-16 18:27:05.510505+00,305f0419-de15-458c-9f0c-8d32e43bf2ad,31.47,0.01,0.01,"Trade closed. New score: 31.47, Confidence: 0.00","{""sharpe"": 0, ""sortino"": 0, ""drawdown"": 0, ""win_rate"": 0, ""stability"": 50, ""timestamp"": ""2026-07-16T18:27:05.476Z"", ""expectancy"": -0.0603, ""risk_score"": 10, ""capital_growth"": 0}"
2c4e66d4-fbbe-48a0-8236-77c70b203506,2026-07-17 02:11:26.394174+00,16ade9ec-5206-4120-8eb3-0a3f278fc24f,24.45,0.01,0.01,"Trade closed. New score: 24.45, Confidence: 0.48","{""sharpe"": 0.2, ""sortino"": 0.24, ""drawdown"": 67.3, ""win_rate"": 50, ""stability"": 48.84, ""timestamp"": ""2026-07-17T02:11:26.370Z"", ""expectancy"": 0.0147, ""risk_score"": 100, ""capital_growth"": 0}"
660a72d7-3cd1-4fff-8606-9a88e42a40ba,2026-07-17 02:39:26.759223+00,cf0832af-b218-4419-b53d-72be9785328b,42.79,0.01,0.01,"Trade closed. New score: 42.79, Confidence: 0.00","{""sharpe"": 0.74, ""sortino"": 1.59, ""drawdown"": 17.29, ""win_rate"": 66.67, ""stability"": 86.43, ""timestamp"": ""2026-07-17T02:39:26.736Z"", ""expectancy"": 0.0962, ""risk_score"": 35.93, ""capital_growth"": 0}"
ccf17266-0ba6-47f0-b8f9-ce08b331a9c6,2026-07-17 05:46:29.493474+00,e479608a-cadf-4723-8555-653f4773ce08,48.09,0.01,0.01,"Trade closed. New score: 48.09, Confidence: 0.00","{""sharpe"": 1, ""sortino"": 2.75, ""drawdown"": 8.32, ""win_rate"": 75, ""stability"": 90.03, ""timestamp"": ""2026-07-17T05:46:29.473Z"", ""expectancy"": 0.166, ""risk_score"": 22.49, ""capital_growth"": 0}"
a343c481-33ca-48fe-a251-72d64b1876b0,2026-07-17 06:17:45.035317+00,b8bb578f-4e5f-4910-b68c-4336299615cd,49.93,0.01,0.01,"Trade closed. New score: 49.93, Confidence: 0.00","{""sharpe"": 1.2, ""sortino"": 3, ""drawdown"": 6.25, ""win_rate"": 80, ""stability"": 91.65, ""timestamp"": ""2026-07-17T06:17:45.016Z"", ""expectancy"": 0.1809, ""risk_score"": 19.37, ""capital_growth"": 0}"
f428b98e-d8fb-498e-add7-ca20b7adace4,2026-07-17 06:47:45.331762+00,12cc95b0-68bd-4e80-9212-23b1329895e0,45.98,0.01,0.01,"Trade closed. New score: 45.98, Confidence: 0.00","{""sharpe"": 0.82, ""sortino"": 2.02, ""drawdown"": 6.78, ""win_rate"": 66.67, ""stability"": 87.85, ""timestamp"": ""2026-07-17T06:47:45.312Z"", ""expectancy"": 0.1381, ""risk_score"": 20.17, ""capital_growth"": 0}"
43d77830-e8c6-40c2-93a8-c4fed86c8c9b,2026-07-17 11:46:04.935782+00,f4864a72-43d2-4697-b19a-943ef02b0ab4,41.17,0.01,0.01,"Trade closed. New score: 41.17, Confidence: 0.00","{""sharpe"": 0.47, ""sortino"": 0.74, ""drawdown"": 8.62, ""win_rate"": 57.14, ""stability"": 78.83, ""timestamp"": ""2026-07-17T11:46:04.917Z"", ""expectancy"": 0.0913, ""risk_score"": 22.94, ""capital_growth"": 0}"
fd27f0ff-cd8a-478d-bb89-9279eabb2072,2026-07-17 13:01:36.28384+00,e4e20722-6ccc-41f7-b70a-f8112bd3bd0f,36.35,0.01,0.01,"Trade closed. New score: 36.35, Confidence: 0.00","{""sharpe"": 0.25, ""sortino"": 0.34, ""drawdown"": 12.62, ""win_rate"": 50, ""stability"": 60.1, ""timestamp"": ""2026-07-17T13:01:36.258Z"", ""expectancy"": 0.0522, ""risk_score"": 28.93, ""capital_growth"": 0}"
81bc2b77-d45b-47f8-aef1-8669874b33b5,2026-07-17 13:07:06.132179+00,c832d2e4-21f2-4ea4-ac84-a7a27ce1e9e0,27.29,0.01,0.01,"Trade closed. New score: 27.29, Confidence: 0.14","{""sharpe"": 0.38, ""sortino"": 0.53, ""drawdown"": 156.17, ""win_rate"": 55.56, ""stability"": 73.77, ""timestamp"": ""2026-07-17T13:07:06.117Z"", ""expectancy"": 0.081, ""risk_score"": 100, ""capital_growth"": 0}"
44f8e377-f874-4b85-b442-4a0683844ab0,2026-07-17 13:07:36.146701+00,15f69948-3963-498c-915e-a66d1176ffb3,28.99,0.01,0.01,"Trade closed. New score: 28.99, Confidence: 0.10","{""sharpe"": 0.46, ""sortino"": 0.62, ""drawdown"": 91.87, ""win_rate"": 60, ""stability"": 78.28, ""timestamp"": ""2026-07-17T13:07:36.127Z"", ""expectancy"": 0.0948, ""risk_score"": 100, ""capital_growth"": 0}"
6515db52-6756-4b19-a167-3f257359f1d5,2026-07-17 13:12:21.184355+00,33a65f93-1c6a-41c0-87a9-28c953d93c4e,31.55,0.01,0.01,"Trade closed. New score: 31.55, Confidence: 0.07","{""sharpe"": 0.54, ""sortino"": 0.71, ""drawdown"": 61.91, ""win_rate"": 63.64, ""stability"": 81.58, ""timestamp"": ""2026-07-17T13:12:21.161Z"", ""expectancy"": 0.1095, ""risk_score"": 100, ""capital_growth"": 0}"
2898c4c7-6aac-48a3-b7c7-858f9114d212,2026-07-17 13:34:36.660668+00,d7057207-cbba-4ff5-8096-883aae85205f,29.48,0.01,0.01,"Trade closed. New score: 29.48, Confidence: 0.17","{""sharpe"": 0.44, ""sortino"": 0.6, ""drawdown"": 74.34, ""win_rate"": 58.33, ""stability"": 77.15, ""timestamp"": ""2026-07-17T13:34:36.637Z"", ""expectancy"": 0.0894, ""risk_score"": 100, ""capital_growth"": 0}"
28791b5d-826c-43bd-9a65-970f715a8b8d,2026-07-17 14:00:36.911243+00,6557dbad-00f6-4a9f-8f63-d3f2bb749663,26.4,0.01,0.01,"Trade closed. New score: 26.40, Confidence: 0.20","{""sharpe"": 0.33, ""sortino"": 0.45, ""drawdown"": 101.84, ""win_rate"": 53.85, ""stability"": 69.71, ""timestamp"": ""2026-07-17T14:00:36.891Z"", ""expectancy"": 0.0689, ""risk_score"": 100, ""capital_growth"": 0}"
4a5d1135-4c7b-4287-811c-af8540b37bf3,2026-07-17 16:48:39.343097+00,e999aac0-18e8-4ce5-af9a-34092f244c4c,21.66,0.01,0.01,"Trade closed. New score: 21.66, Confidence: 0.48","{""sharpe"": 0.17, ""sortino"": 0.19, ""drawdown"": 427.28, ""win_rate"": 50, ""stability"": 39.42, ""timestamp"": ""2026-07-17T16:48:39.326Z"", ""expectancy"": 0.038, ""risk_score"": 100, ""capital_growth"": 0}"
ff501da5-43fd-489d-88c6-173e51f9c0be,2026-07-18 05:42:06.292093+00,946980a9-91bd-4e24-90bb-52240c2f38f6,29.96,0.01,0.01,"Trade closed. New score: 29.96, Confidence: 0.00","{""sharpe"": 0.12, ""sortino"": 0.14, ""drawdown"": 13.1, ""win_rate"": 46.67, ""stability"": 15.18, ""timestamp"": ""2026-07-18T05:42:06.271Z"", ""expectancy"": 0.0267, ""risk_score"": 29.65, ""capital_growth"": 0}"
8e026efa-0bd8-4160-9d78-b0b4c2d0ed8c,2026-07-18 13:14:27.505594+00,eeb98c95-dca7-4bec-a6c9-4e3c3539e1f5,26.81,0.01,0.01,"Trade closed. New score: 26.81, Confidence: 0.00","{""sharpe"": 0.08, ""sortino"": 0.1, ""drawdown"": 17.33, ""win_rate"": 43.75, ""stability"": 0, ""timestamp"": ""2026-07-18T13:14:27.489Z"", ""expectancy"": 0.018, ""risk_score"": 36, ""capital_growth"": 0}"
0be244d7-f4c3-4530-9c33-77384af79d50,2026-07-18 13:20:27.61788+00,7f7b678c-5d1e-40b9-8fc2-fb360381334f,16.36,0.01,0.01,"Trade closed. New score: 16.36, Confidence: 0.55","{""sharpe"": 0.1, ""sortino"": 0.12, ""drawdown"": 1207.77, ""win_rate"": 47.06, ""stability"": 0, ""timestamp"": ""2026-07-18T13:20:27.602Z"", ""expectancy"": 0.0214, ""risk_score"": 100, ""capital_growth"": 0}"
a9f5c256-c3ac-4aaa-aeda-78e967002aae,2026-07-18 16:57:16.650772+00,85534831-d2e0-4acd-b683-71d8c8018ea9,26.39,0.01,0.01,"Trade closed. New score: 26.39, Confidence: 0.04","{""sharpe"": 0.07, ""sortino"": 0.08, ""drawdown"": 19.4, ""win_rate"": 44.44, ""stability"": 0, ""timestamp"": ""2026-07-18T16:57:16.614Z"", ""expectancy"": 0.0139, ""risk_score"": 39.1, ""capital_growth"": 0}"
fde1a871-89e6-49f4-b7d4-9ed9d2405147,2026-07-18 17:49:16.690611+00,553d8834-7b39-43b5-9456-2c6c7d7c88df,23.28,0.01,0.01,"Trade closed. New score: 23.28, Confidence: 0.32","{""sharpe"": 0.03, ""sortino"": 0.04, ""drawdown"": 32.58, ""win_rate"": 42.11, ""stability"": 0, ""timestamp"": ""2026-07-18T17:49:16.672Z"", ""expectancy"": 0.0066, ""risk_score"": 58.87, ""capital_growth"": 0}"
723fa13c-01b5-4c12-8d4a-d3021dc877fb,2026-07-18 20:22:48.97461+00,126efb97-bb60-4d33-91d0-70c3775553ae,15.95,0.01,0.01,"Trade closed. New score: 15.95, Confidence: 0.57","{""sharpe"": 0.05, ""sortino"": 0.06, ""drawdown"": 1195.46, ""win_rate"": 45, ""stability"": 0, ""timestamp"": ""2026-07-18T20:22:48.956Z"", ""expectancy"": 0.0108, ""risk_score"": 100, ""capital_growth"": 0}"
69780e03-c6a4-4a54-97b1-9f31a43ca2f6,2026-07-19 02:35:39.504151+00,0f640071-1280-4014-8f84-887d1afcab91,17.78,0.01,0.01,"Trade closed. New score: 17.78, Confidence: 0.57","{""sharpe"": 0.11, ""sortino"": 0.13, ""drawdown"": 297.3, ""win_rate"": 47.62, ""stability"": 11.08, ""timestamp"": ""2026-07-19T02:35:39.488Z"", ""expectancy"": 0.0232, ""risk_score"": 100, ""capital_growth"": 0}"
49bd84fa-e0bf-4ff3-95ac-301f52a58c34,2026-07-19 02:36:09.544761+00,5185ad35-1e70-488e-a0e4-22fb2af1e024,19.69,0.01,0.01,"Trade closed. New score: 19.69, Confidence: 0.54","{""sharpe"": 0.13, ""sortino"": 0.15, ""drawdown"": 232.7, ""win_rate"": 50, ""stability"": 24.33, ""timestamp"": ""2026-07-19T02:36:09.526Z"", ""expectancy"": 0.0268, ""risk_score"": 100, ""capital_growth"": 0}"
38d6fc84-bd60-4b7b-bbc4-f538b52ccc25,2026-07-19 04:11:56.06116+00,70dda14a-2417-42b8-b561-7af17cffaf7b,17.45,0.01,0.01,"Trade closed. New score: 17.45, Confidence: 0.57","{""sharpe"": 0.11, ""sortino"": 0.13, ""drawdown"": 288.1, ""win_rate"": 47.83, ""stability"": 8.17, ""timestamp"": ""2026-07-19T04:11:56.039Z"", ""expectancy"": 0.0217, ""risk_score"": 100, ""capital_growth"": 0}"
3e2d31af-312e-4410-8d21-a0682ec699c7,2026-07-19 09:17:00.385919+00,f8d88494-bed1-4cae-9502-18ed33282f17,16.18,0.01,0.01,"Trade closed. New score: 16.18, Confidence: 0.57","{""sharpe"": 0.09, ""sortino"": 0.1, ""drawdown"": 374.31, ""win_rate"": 45.83, ""stability"": 0, ""timestamp"": ""2026-07-19T09:17:00.369Z"", ""expectancy"": 0.0172, ""risk_score"": 100, ""capital_growth"": 0}"
c2621442-ea57-49b0-aa58-de6ce5493750,2026-07-19 11:25:02.718174+00,449ad5bb-132f-4927-b85c-11f9059b1960,16.45,0.01,0.01,"Trade closed. New score: 16.45, Confidence: 0.55","{""sharpe"": 0.1, ""sortino"": 0.12, ""drawdown"": 304.6, ""win_rate"": 48, ""stability"": 0, ""timestamp"": ""2026-07-19T11:25:02.702Z"", ""expectancy"": 0.0192, ""risk_score"": 100, ""capital_growth"": 0}"
271968f4-b3f0-4443-aa9a-bf97b423b644,2026-07-19 15:39:44.080602+00,4638ff8d-b16c-4327-801b-436d7adfcf92,16.45,0.01,0.01,"Trade closed. New score: 16.45, Confidence: 0.55","{""sharpe"": 0.1, ""sortino"": 0.12, ""drawdown"": 304.6, ""win_rate"": 48, ""stability"": 0, ""timestamp"": ""2026-07-19T15:39:44.049Z"", ""expectancy"": 0.0192, ""risk_score"": 100, ""capital_growth"": 0}"
7f7a0d00-f8c5-4136-afa0-78f82278ee11,2026-07-19 16:22:46.494696+00,90fbb345-98a1-40fb-8039-2d4d53802f63,16.45,0.01,0.01,"Trade closed. New score: 16.45, Confidence: 0.55","{""sharpe"": 0.1, ""sortino"": 0.12, ""drawdown"": 304.6, ""win_rate"": 48, ""stability"": 0, ""timestamp"": ""2026-07-19T16:22:46.457Z"", ""expectancy"": 0.0192, ""risk_score"": 100, ""capital_growth"": 0}"
5e1303d0-4845-43e6-bb67-7d7c9343edc7,2026-07-19 16:37:31.339155+00,50456571-b2a2-4209-8168-9fd296b8dff0,16.63,0.01,0.01,"Trade closed. New score: 16.63, Confidence: 0.53","{""sharpe"": 0.1, ""sortino"": 0.11, ""drawdown"": 298.78, ""win_rate"": 50, ""stability"": 0, ""timestamp"": ""2026-07-19T16:37:31.315Z"", ""expectancy"": 0.0187, ""risk_score"": 100, ""capital_growth"": 0}"
c842aefb-b51d-4cd6-81cc-3e319e4691fa,2026-07-19 16:58:04.135146+00,be9b669c-a9fd-43c5-91d3-c333ef665852,16.63,0.01,0.01,"Trade closed. New score: 16.63, Confidence: 0.53","{""sharpe"": 0.1, ""sortino"": 0.11, ""drawdown"": 298.78, ""win_rate"": 50, ""stability"": 0, ""timestamp"": ""2026-07-19T16:58:04.113Z"", ""expectancy"": 0.0187, ""risk_score"": 100, ""capital_growth"": 0}"
1448ada6-fe0d-43b9-bb60-b43ec9c1e7bb,2026-07-20 11:15:15.317224+00,03957a8e-1561-4884-a6fc-e1bb5a250da4,30.15,0.01,0.01,"Trade closed. New score: 30.15, Confidence: 0.00","{""sharpe"": 0, ""sortino"": 0, ""drawdown"": 0, ""win_rate"": 44.83, ""stability"": 0, ""timestamp"": ""2026-07-20T11:15:15.274Z"", ""expectancy"": -0.0077, ""risk_score"": 10, ""capital_growth"": 0}"
35c4d7c9-11f5-406b-8e13-3b48efe81b4c,2026-07-20 14:02:16.202089+00,35bfd40e-314b-4a0f-9a0e-8f658db4762b,35.09,0.01,0.01,"Trade closed. New score: 35.09, Confidence: 0.00","{""sharpe"": 0, ""sortino"": 0, ""drawdown"": 0, ""win_rate"": 43.33, ""stability"": 47.24, ""timestamp"": ""2026-07-20T14:02:16.161Z"", ""expectancy"": -0.164, ""risk_score"": 10, ""capital_growth"": 0}"
b22a9683-8b7e-46ba-a9ab-8d1999a0a03b,2026-07-20 17:56:03.974336+00,0f3d1fac-916c-4c86-9581-22cdf708da12,16,0.01,0.01,"Trade closed. New score: 16.00, Confidence: 0.56","{""sharpe"": 0.03, ""sortino"": 0.03, ""drawdown"": 100.15, ""win_rate"": 45.16, ""stability"": 0, ""timestamp"": ""2026-07-20T17:56:03.939Z"", ""expectancy"": 0.0386, ""risk_score"": 100, ""capital_growth"": 0}"
a17ba8b8-1f7e-46a2-8258-49b71804e983,2026-07-21 07:58:59.320059+00,fc96c749-b302-4756-b1c2-87b952675b6e,16.75,0.01,0.01,"Trade closed. New score: 16.75, Confidence: 0.55","{""sharpe"": 0.04, ""sortino"": 0.05, ""drawdown"": 90.73, ""win_rate"": 46.88, ""stability"": 0, ""timestamp"": ""2026-07-21T07:58:59.296Z"", ""expectancy"": 0.0572, ""risk_score"": 100, ""capital_growth"": 0}"
bd1582b5-85e6-475f-a5f8-5bee62464b22,2026-07-21 10:31:32.121257+00,487030de-f917-499b-bfd0-fead611317d5,18.15,0.01,0.01,"Trade closed. New score: 18.15, Confidence: 0.50","{""sharpe"": 0.08, ""sortino"": 0.09, ""drawdown"": 72.14, ""win_rate"": 48.48, ""stability"": 0, ""timestamp"": ""2026-07-21T10:31:32.091Z"", ""expectancy"": 0.1082, ""risk_score"": 100, ""capital_growth"": 0}"
1c6f0f80-f164-43ac-9aca-c1761f7a09c6,2026-07-21 13:27:15.072844+00,dc720c76-aca4-4d82-afba-8e09948a9882,18.15,0.01,0.01,"Trade closed. New score: 18.15, Confidence: 0.50","{""sharpe"": 0.08, ""sortino"": 0.09, ""drawdown"": 72.14, ""win_rate"": 48.48, ""stability"": 0, ""timestamp"": ""2026-07-21T13:27:15.031Z"", ""expectancy"": 0.1082, ""risk_score"": 100, ""capital_growth"": 0}"
c806c36f-0547-41a7-a517-bcdc58353f2e,2026-07-21 14:26:54.652096+00,121e727b-b4ee-4d49-a75c-d67c9e2bf0b7,18.15,0.01,0.01,"Trade closed. New score: 18.15, Confidence: 0.50","{""sharpe"": 0.08, ""sortino"": 0.09, ""drawdown"": 72.14, ""win_rate"": 48.48, ""stability"": 0, ""timestamp"": ""2026-07-21T14:26:54.571Z"", ""expectancy"": 0.1082, ""risk_score"": 100, ""capital_growth"": 0}"
a7b2ff5c-d46f-4f11-8a8b-8acc662994c5,2026-07-21 14:29:54.255964+00,f11d13fa-1228-4769-ac26-67b48466cb9d,18.15,0.01,0.01,"Trade closed. New score: 18.15, Confidence: 0.50","{""sharpe"": 0.08, ""sortino"": 0.09, ""drawdown"": 72.14, ""win_rate"": 48.48, ""stability"": 0, ""timestamp"": ""2026-07-21T14:29:54.206Z"", ""expectancy"": 0.1082, ""risk_score"": 100, ""capital_growth"": 0}"
