id,scan_time_utc,symbol,last_bar_utc,current_price,rsi_15m_now,adx_4h_now,atr_15m_now,session_now,h4_direction,h4_ema_trend,regime,signal_type,quality,gates_passed,sl_level,tp_level,notes,created_at,gate_session_ok,gate_adx_ok,gate_direction_ok,gate_rsi_ok,gate_bull_4h_ok
1205,2026-07-21 12:22:05.778349,BTCUSDT,2026-07-21 11:45:00,66318.60000000,58.36,57.92,113.55000000,london,UP,BULL,PULLBACK,CONFIRMED,HIGH,3/4,66034.72500000,66999.90000000,DQS=60 | tech=41 struct=50 ctx=95,2026-07-21 12:22:24.710043,t,t,t,f,t
1216,2026-07-21 13:04:32.425695,BTCUSDT,2026-07-21 12:00:00,66386.10000000,57.27,52.29,113.28571429,overlap,UP,BULL,PULLBACK,OFF_SESSION,MONITOR,2/4,66102.88570000,67065.81432000,DQS=57 | tech=41 struct=58 ctx=80,2026-07-21 13:04:52.071598,f,t,t,f,t
1209,2026-07-21 12:32:45.01633,BTCUSDT,2026-07-21 11:45:00,66318.60000000,58.36,57.92,113.55000000,london,UP,BULL,PULLBACK,CONFIRMED,HIGH,3/4,66034.72500000,66999.90000000,DQS=60 | tech=41 struct=50 ctx=95,2026-07-21 12:33:00.187281,t,t,t,f,t
1212,2026-07-21 12:43:21.590125,BTCUSDT,2026-07-21 12:00:00,66386.10000000,57.27,52.29,113.28571429,overlap,UP,BULL,PULLBACK,OFF_SESSION,MONITOR,2/4,66102.88570000,67065.81432000,DQS=57 | tech=41 struct=58 ctx=80,2026-07-21 12:43:38.211737,f,t,t,f,t
1214,2026-07-21 12:53:57.742847,BTCUSDT,2026-07-21 12:00:00,66386.10000000,57.27,52.29,113.28571429,overlap,UP,BULL,PULLBACK,OFF_SESSION,MONITOR,2/4,66102.88570000,67065.81432000,DQS=57 | tech=41 struct=58 ctx=80,2026-07-21 12:54:13.058826,f,t,t,f,t
1211,2026-07-21 12:38:02.965841,BTCUSDT,2026-07-21 12:00:00,66386.10000000,57.27,52.29,113.28571429,overlap,UP,BULL,PULLBACK,OFF_SESSION,MONITOR,2/4,66102.88570000,67065.81432000,DQS=56 | tech=41 struct=54 ctx=80,2026-07-21 12:38:19.013408,f,t,t,f,t
1213,2026-07-21 12:48:40.277847,BTCUSDT,2026-07-21 12:00:00,66386.10000000,57.27,52.29,113.28571429,overlap,UP,BULL,PULLBACK,OFF_SESSION,MONITOR,2/4,66102.88570000,67065.81432000,DQS=57 | tech=41 struct=58 ctx=80,2026-07-21 12:48:55.73444,f,t,t,f,t
1207,2026-07-21 12:27:27.138282,BTCUSDT,2026-07-21 11:45:00,66318.60000000,58.36,57.92,113.55000000,london,UP,BULL,PULLBACK,CONFIRMED,HIGH,3/4,66034.72500000,66999.90000000,DQS=60 | tech=41 struct=50 ctx=95,2026-07-21 12:27:42.959249,t,t,t,f,t
1215,2026-07-21 12:59:15.185449,BTCUSDT,2026-07-21 12:00:00,66386.10000000,57.27,52.29,113.28571429,overlap,UP,BULL,PULLBACK,OFF_SESSION,MONITOR,2/4,66102.88570000,67065.81432000,DQS=57 | tech=41 struct=58 ctx=80,2026-07-21 12:59:30.409834,f,t,t,f,t
1217,2026-07-21 13:09:54.713268,BTCUSDT,2026-07-21 12:00:00,66386.10000000,57.27,52.29,113.28571429,overlap,UP,BULL,PULLBACK,OFF_SESSION,MONITOR,2/4,66102.88570000,67065.81432000,DQS=57 | tech=41 struct=58 ctx=80,2026-07-21 13:10:29.116846,f,t,t,f,t
1182,2026-07-21 11:23:59.989186,ETHUSDT,2026-07-21 11:00:00,1931.31000000,46.49,64.70,5.63214286,london,UP,BULL,PULLBACK,NO_SIGNAL,SKIP,0/4,1916.66640000,1965.10290000,Dropped: symbol not seen in current scan,2026-07-21 13:10:29.154762,t,t,t,f,t
1186,2026-07-21 11:34:29.60114,ETHUSDT,2026-07-21 11:00:00,1931.31000000,46.49,64.70,5.63214286,london,UP,BULL,PULLBACK,NO_SIGNAL,SKIP,0/4,1916.66640000,1965.10290000,Dropped: symbol not seen in current scan,2026-07-21 13:10:29.154762,t,t,t,f,t
1190,2026-07-21 11:45:01.400719,ETHUSDT,2026-07-21 11:00:00,1931.31000000,46.49,64.70,5.63214286,london,UP,BULL,PULLBACK,NO_SIGNAL,SKIP,0/4,1916.66640000,1965.10290000,Dropped: symbol not seen in current scan,2026-07-21 13:10:29.154762,t,t,t,f,t
1194,2026-07-21 11:55:37.692212,ETHUSDT,2026-07-21 11:00:00,1931.31000000,46.49,64.70,5.63214286,london,UP,BULL,PULLBACK,NO_SIGNAL,SKIP,0/4,1916.66640000,1965.10290000,Dropped: symbol not seen in current scan,2026-07-21 13:10:29.154762,t,t,t,f,t
1198,2026-07-21 12:06:11.928446,ETHUSDT,2026-07-21 11:00:00,1931.31000000,46.49,64.70,5.63214286,london,UP,BULL,PULLBACK,NO_SIGNAL,SKIP,0/4,1916.66640000,1965.10290000,Dropped: symbol not seen in current scan,2026-07-21 13:10:29.154762,t,t,t,f,t
1206,2026-07-21 12:22:05.778349,ETHUSDT,2026-07-21 11:45:00,1935.61000000,44.50,52.28,4.73571429,london,UP,BULL,PULLBACK,NO_SIGNAL,SKIP,0/4,1923.29710000,1958.34144000,Dropped: symbol not seen in current scan,2026-07-21 13:10:29.154762,t,t,t,f,t
1188,2026-07-21 11:39:43.750848,ETHUSDT,2026-07-21 11:00:00,1931.31000000,46.49,64.70,5.63214286,london,UP,BULL,PULLBACK,NO_SIGNAL,SKIP,0/4,1916.66640000,1965.10290000,Dropped: symbol not seen in current scan,2026-07-21 13:10:29.154762,t,t,t,f,t
1210,2026-07-21 12:32:45.01633,ETHUSDT,2026-07-21 11:45:00,1935.61000000,44.50,52.28,4.73571429,london,UP,BULL,PULLBACK,NO_SIGNAL,SKIP,0/4,1923.29710000,1958.34144000,Dropped: symbol not seen in current scan,2026-07-21 13:10:29.154762,t,t,t,f,t
1183,2026-07-21 11:23:59.989186,XRPUSDT,2026-07-21 11:00:00,1.12950000,41.14,27.51,0.00267857,london,DOWN,BULL,PULLBACK,NO_SIGNAL,SKIP,0/4,1.13620000,1.11662000,Dropped: symbol not seen in current scan,2026-07-21 13:10:29.154762,t,t,t,f,t
1187,2026-07-21 11:34:29.60114,XRPUSDT,2026-07-21 11:00:00,1.12950000,41.14,27.51,0.00267857,london,DOWN,BULL,PULLBACK,NO_SIGNAL,SKIP,0/4,1.13620000,1.11662000,Dropped: symbol not seen in current scan,2026-07-21 13:10:29.154762,t,t,t,f,t
1191,2026-07-21 11:45:01.400719,XRPUSDT,2026-07-21 11:00:00,1.12950000,41.14,27.51,0.00267857,london,DOWN,BULL,PULLBACK,NO_SIGNAL,SKIP,0/4,1.13620000,1.11662000,Dropped: symbol not seen in current scan,2026-07-21 13:10:29.154762,t,t,t,f,t
1195,2026-07-21 11:55:37.692212,XRPUSDT,2026-07-21 11:00:00,1.12950000,41.14,27.51,0.00267857,london,DOWN,BULL,PULLBACK,NO_SIGNAL,SKIP,0/4,1.13620000,1.11662000,Dropped: symbol not seen in current scan,2026-07-21 13:10:29.154762,t,t,t,f,t
1180,2026-07-21 11:18:44.931714,ETHUSDT,2026-07-21 11:00:00,1931.31000000,46.49,64.70,5.63214286,london,UP,BULL,PULLBACK,NO_SIGNAL,SKIP,0/4,1916.66640000,1965.10290000,Dropped: symbol not seen in current scan,2026-07-21 13:10:29.154762,t,t,t,f,t
1184,2026-07-21 11:29:14.331066,ETHUSDT,2026-07-21 11:00:00,1931.31000000,46.49,64.70,5.63214286,london,UP,BULL,PULLBACK,NO_SIGNAL,SKIP,0/4,1916.66640000,1965.10290000,Dropped: symbol not seen in current scan,2026-07-21 13:10:29.154762,t,t,t,f,t
1062,2026-07-21 04:16:23.825438,XRPUSDT,2026-07-21 03:30:00,1.12280000,71.27,36.98,0.00376429,asian,UP,BULL,PULLBACK,NO_SIGNAL,SKIP,0/4,1.10870000,1.14090000,Dropped: symbol not seen in current scan,2026-07-21 13:10:29.154762,f,t,t,f,t
1080,2026-07-21 06:07:34.937113,XRPUSDT,2026-07-21 05:30:00,1.12840000,74.16,61.32,0.00454286,asian,UP,BULL,PULLBACK,NO_SIGNAL,SKIP,0/4,1.14320000,1.09291000,Dropped: symbol not seen in current scan,2026-07-21 13:10:29.154762,f,t,t,t,t
1156,2026-07-21 10:10:13.119866,BTCUSDT,2026-07-21 09:45:00,66307.00000000,78.42,87.02,143.97142857,london,UP,BULL,PULLBACK,NO_SIGNAL,SKIP,0/4,65947.07140000,67386.78570000,Dropped: symbol not seen in current scan,2026-07-21 12:11:45.720138,t,t,t,f,t
1084,2026-07-21 06:18:09.04422,XRPUSDT,2026-07-21 05:30:00,1.12840000,74.16,61.32,0.00454286,asian,UP,BULL,PULLBACK,NO_SIGNAL,SKIP,0/4,1.14320000,1.09291000,Dropped: symbol not seen in current scan,2026-07-21 13:10:29.154762,f,t,t,t,t
1199,2026-07-21 12:06:11.928446,XRPUSDT,2026-07-21 11:00:00,1.12950000,41.14,27.51,0.00267857,london,DOWN,BULL,PULLBACK,NO_SIGNAL,SKIP,0/4,1.13620000,1.11662000,Dropped: symbol not seen in current scan,2026-07-21 13:10:29.154762,t,t,t,f,t
1189,2026-07-21 11:39:43.750848,XRPUSDT,2026-07-21 11:00:00,1.12950000,41.14,27.51,0.00267857,london,DOWN,BULL,PULLBACK,NO_SIGNAL,SKIP,0/4,1.13620000,1.11662000,Dropped: symbol not seen in current scan,2026-07-21 13:10:29.154762,t,t,t,f,t
1056,2026-07-21 04:00:28.032504,XRPUSDT,2026-07-21 03:30:00,1.12280000,71.27,36.98,0.00376429,asian,UP,BULL,PULLBACK,NO_SIGNAL,SKIP,0/4,1.10870000,1.14090000,Dropped: symbol not seen in current scan,2026-07-21 13:10:29.154762,f,t,t,f,t
1145,2026-07-21 09:01:54.423621,XRPUSDT,2026-07-21 07:45:00,1.13460000,72.30,64.48,0.00424286,london,UP,BULL,PULLBACK,NO_SIGNAL,SKIP,0/4,1.14840000,1.10145000,Dropped: symbol not seen in current scan,2026-07-21 13:10:29.154762,t,t,t,t,t
1047,2026-07-20 22:27:25.976358,XRPUSDT,2026-07-20 21:00:00,1.11800000,60.47,38.15,0.00392143,ny_late,DOWN,BULL,PULLBACK,NO_SIGNAL,SKIP,0/4,1.12780000,1.09450000,Dropped: symbol not seen in current scan,2026-07-21 13:10:29.154762,t,t,t,f,t
937,2026-07-20 13:51:16.40284,ETHUSDT,2026-07-20 13:30:00,1876.00000000,58.68,39.14,8.38357143,ny_open,UP,BULL,PULLBACK,NO_SIGNAL,SKIP,0/4,1859.23290000,1926.30140000,Dropped: symbol not seen in current scan,2026-07-21 13:10:29.154762,t,t,t,f,t
1002,2026-07-20 19:33:18.859988,XRPUSDT,2026-07-20 19:00:00,1.11470000,63.31,48.55,0.00372857,overlap,DOWN,BULL,PULLBACK,NO_SIGNAL,SKIP,0/4,1.12400000,1.09230000,Dropped: symbol not seen in current scan,2026-07-21 13:10:29.154762,f,t,t,f,t
1096,2026-07-21 06:49:59.696847,XRPUSDT,2026-07-21 05:30:00,1.12840000,74.16,61.32,0.00454286,asian,UP,BULL,PULLBACK,NO_SIGNAL,SKIP,0/4,1.14320000,1.09291000,Dropped: symbol not seen in current scan,2026-07-21 13:10:29.154762,f,t,t,t,t
1077,2026-07-21 05:56:58.707329,XRPUSDT,2026-07-21 05:30:00,1.12840000,74.16,61.32,0.00454286,asian,UP,BULL,PULLBACK,NO_SIGNAL,SKIP,0/4,1.13980000,1.09291000,Dropped: symbol not seen in current scan,2026-07-21 13:10:29.154762,f,t,t,t,t
1154,2026-07-21 09:59:41.374853,XRPUSDT,2026-07-21 08:45:00,1.13290000,53.72,59.19,0.00355714,london,DOWN,BULL,PULLBACK,NO_SIGNAL,SKIP,0/4,1.14180000,1.11160000,Dropped: symbol not seen in current scan,2026-07-21 13:10:29.154762,t,t,t,f,t
1150,2026-07-21 09:38:40.558988,XRPUSDT,2026-07-21 08:45:00,1.13290000,53.72,59.19,0.00355714,london,DOWN,BULL,PULLBACK,NO_SIGNAL,SKIP,0/4,1.14180000,1.11160000,Dropped: symbol not seen in current scan,2026-07-21 13:10:29.154762,t,t,t,f,t
1026,2026-07-20 21:02:53.06114,XRPUSDT,2026-07-20 20:00:00,1.11400000,53.50,47.27,0.00365000,ny_late,DOWN,BULL,PULLBACK,NO_SIGNAL,SKIP,0/4,1.12310000,1.09210000,Dropped: symbol not seen in current scan,2026-07-21 13:10:29.154762,t,t,t,f,t
1005,2026-07-20 19:49:07.279849,XRPUSDT,2026-07-20 19:00:00,1.11470000,63.31,48.55,0.00372857,overlap,DOWN,BULL,PULLBACK,NO_SIGNAL,SKIP,0/4,1.12400000,1.09230000,Dropped: symbol not seen in current scan,2026-07-21 13:10:29.154762,f,t,t,f,t
1054,2026-07-21 03:55:11.732585,XRPUSDT,2026-07-21 03:30:00,1.12280000,71.27,36.98,0.00376429,asian,UP,BULL,PULLBACK,NO_SIGNAL,SKIP,0/4,1.10870000,1.14090000,Dropped: symbol not seen in current scan,2026-07-21 13:10:29.154762,f,t,t,f,t
1099,2026-07-21 07:00:34.960499,XRPUSDT,2026-07-21 06:45:00,1.13490000,72.59,67.38,0.00418571,asian,UP,BULL,PULLBACK,NO_SIGNAL,SKIP,0/4,1.14850000,1.10227000,Dropped: symbol not seen in current scan,2026-07-21 13:10:29.154762,f,t,t,t,t
1208,2026-07-21 12:27:27.138282,ETHUSDT,2026-07-21 11:45:00,1935.61000000,44.50,52.28,4.73571429,london,UP,BULL,PULLBACK,NO_SIGNAL,SKIP,0/4,1923.29710000,1958.34144000,Dropped: symbol not seen in current scan,2026-07-21 13:10:29.154762,t,t,t,f,t
1082,2026-07-21 06:12:51.495859,XRPUSDT,2026-07-21 05:30:00,1.12840000,74.16,61.32,0.00454286,asian,UP,BULL,PULLBACK,NO_SIGNAL,SKIP,0/4,1.14320000,1.09291000,Dropped: symbol not seen in current scan,2026-07-21 13:10:29.154762,f,t,t,t,t
1115,2026-07-21 08:09:15.991662,XRPUSDT,2026-07-21 07:45:00,1.13460000,72.30,64.48,0.00424286,london,UP,BULL,PULLBACK,NO_SIGNAL,SKIP,0/4,1.14840000,1.10145000,Dropped: symbol not seen in current scan,2026-07-21 13:10:29.154762,t,t,t,t,t
1200,2026-07-21 12:11:29.010132,ETHUSDT,2026-07-21 11:00:00,1931.31000000,46.49,64.70,5.63214286,london,UP,BULL,PULLBACK,NO_SIGNAL,SKIP,0/4,1916.66640000,1965.10290000,Dropped: symbol not seen in current scan,2026-07-21 13:10:29.154762,t,t,t,f,t
1009,2026-07-20 20:10:13.529894,XRPUSDT,2026-07-20 19:00:00,1.11470000,63.31,48.55,0.00372857,overlap,DOWN,BULL,PULLBACK,NO_SIGNAL,SKIP,0/4,1.12400000,1.09230000,Dropped: symbol not seen in current scan,2026-07-21 13:10:29.154762,f,t,t,f,t
991,2026-07-20 18:35:31.536243,XRPUSDT,2026-07-20 18:00:00,1.11800000,82.37,34.76,0.00477857,overlap,DOWN,BULL,PULLBACK,NO_SIGNAL,SKIP,0/4,1.12990000,1.08069000,Dropped: symbol not seen in current scan,2026-07-21 13:10:29.154762,f,t,t,t,t
1003,2026-07-20 19:38:34.01285,XRPUSDT,2026-07-20 19:00:00,1.11470000,63.31,48.55,0.00372857,overlap,DOWN,BULL,PULLBACK,NO_SIGNAL,SKIP,0/4,1.12400000,1.09230000,Dropped: symbol not seen in current scan,2026-07-21 13:10:29.154762,f,t,t,f,t
1001,2026-07-20 19:28:04.34203,XRPUSDT,2026-07-20 19:00:00,1.11470000,63.31,48.55,0.00372857,overlap,DOWN,BULL,PULLBACK,NO_SIGNAL,SKIP,0/4,1.12400000,1.09230000,Dropped: symbol not seen in current scan,2026-07-21 13:10:29.154762,f,t,t,f,t
972,2026-07-20 16:29:26.322624,SOLUSDT,2026-07-20 15:45:00,77.68000000,62.76,18.33,0.43857143,ny_open,UP,BULL,PULLBACK,NO_SIGNAL,SKIP,0/4,76.80290000,80.24568000,Dropped: symbol not seen in current scan,2026-07-21 13:10:29.154762,t,f,t,f,t
1110,2026-07-21 07:58:44.107844,XRPUSDT,2026-07-21 06:45:00,1.13490000,72.59,67.38,0.00418571,asian,UP,BULL,PULLBACK,NO_SIGNAL,SKIP,0/4,1.14850000,1.10227000,Dropped: symbol not seen in current scan,2026-07-21 13:10:29.154762,f,t,t,t,t
1004,2026-07-20 19:43:50.39077,XRPUSDT,2026-07-20 19:00:00,1.11470000,63.31,48.55,0.00372857,overlap,DOWN,BULL,PULLBACK,NO_SIGNAL,SKIP,0/4,1.12400000,1.09230000,Dropped: symbol not seen in current scan,2026-07-21 13:10:29.154762,f,t,t,f,t
1014,2026-07-20 20:31:12.562116,XRPUSDT,2026-07-20 20:00:00,1.11400000,53.50,47.27,0.00365000,ny_late,DOWN,BULL,PULLBACK,NO_SIGNAL,SKIP,0/4,1.12310000,1.09210000,Dropped: symbol not seen in current scan,2026-07-21 13:10:29.154762,t,t,t,f,t
1152,2026-07-21 09:49:11.869849,XRPUSDT,2026-07-21 08:45:00,1.13290000,53.72,59.19,0.00355714,london,DOWN,BULL,PULLBACK,NO_SIGNAL,SKIP,0/4,1.14180000,1.11160000,Dropped: symbol not seen in current scan,2026-07-21 13:10:29.154762,t,t,t,f,t
1196,2026-07-21 12:00:53.784429,ETHUSDT,2026-07-21 11:00:00,1931.31000000,46.49,64.70,5.63214286,london,UP,BULL,PULLBACK,NO_SIGNAL,SKIP,0/4,1916.66640000,1965.10290000,Dropped: symbol not seen in current scan,2026-07-21 13:10:29.154762,t,t,t,f,t
1104,2026-07-21 07:27:00.227853,XRPUSDT,2026-07-21 06:45:00,1.13490000,72.59,67.38,0.00418571,asian,UP,BULL,PULLBACK,NO_SIGNAL,SKIP,0/4,1.14850000,1.10227000,Dropped: symbol not seen in current scan,2026-07-21 13:10:29.154762,f,t,t,t,t
1089,2026-07-21 06:34:05.451842,BTCUSDT,2026-07-21 05:30:00,65559.10000000,76.01,37.25,127.78571429,asian,UP,BULL,PULLBACK,NO_SIGNAL,SKIP,0/4,65239.63570000,66325.81432000,Dropped: symbol not seen in current scan,2026-07-21 12:11:45.720138,f,t,t,f,t
1166,2026-07-21 10:41:52.889163,BTCUSDT,2026-07-21 09:45:00,66307.00000000,78.42,87.02,143.97142857,london,UP,BULL,PULLBACK,NO_SIGNAL,SKIP,0/4,65947.07140000,67386.78570000,Dropped: symbol not seen in current scan,2026-07-21 12:11:45.720138,t,t,t,f,t
1158,2026-07-21 10:15:36.347868,BTCUSDT,2026-07-21 09:45:00,66307.00000000,78.42,87.02,143.97142857,london,UP,BULL,PULLBACK,NO_SIGNAL,SKIP,0/4,65947.07140000,67386.78570000,Dropped: symbol not seen in current scan,2026-07-21 12:11:45.720138,t,t,t,f,t
1074,2026-07-21 04:48:05.473855,XRPUSDT,2026-07-21 03:30:00,1.12280000,71.27,36.98,0.00376429,asian,UP,BULL,PULLBACK,NO_SIGNAL,SKIP,0/4,1.10870000,1.14090000,Dropped: symbol not seen in current scan,2026-07-21 13:10:29.154762,f,t,t,f,t
993,2026-07-20 18:46:01.318093,XRPUSDT,2026-07-20 18:00:00,1.11800000,82.37,34.76,0.00477857,overlap,DOWN,BULL,PULLBACK,NO_SIGNAL,SKIP,0/4,1.12990000,1.08069000,Dropped: symbol not seen in current scan,2026-07-21 13:10:29.154762,f,t,t,t,t
1034,2026-07-20 21:24:00.686342,XRPUSDT,2026-07-20 20:00:00,1.11400000,53.50,47.27,0.00365000,ny_late,DOWN,BULL,PULLBACK,NO_SIGNAL,SKIP,0/4,1.12310000,1.09210000,Dropped: symbol not seen in current scan,2026-07-21 13:10:29.154762,t,t,t,f,t
1028,2026-07-20 21:08:10.456817,XRPUSDT,2026-07-20 20:00:00,1.11400000,53.50,47.27,0.00365000,ny_late,DOWN,BULL,PULLBACK,NO_SIGNAL,SKIP,0/4,1.12310000,1.09210000,Dropped: symbol not seen in current scan,2026-07-21 13:10:29.154762,t,t,t,f,t
1179,2026-07-21 11:13:29.775318,BNBUSDT,2026-07-21 10:00:00,579.20000000,70.00,54.67,1.07142857,london,UP,BULL,PULLBACK,NO_SIGNAL,SKIP,0/4,581.34290000,572.23577000,Dropped: symbol not seen in current scan,2026-07-21 13:10:29.154762,t,t,t,f,t
1061,2026-07-21 04:11:05.754525,BNBUSDT,2026-07-21 03:30:00,574.30000000,71.43,40.68,1.12857143,asian,UP,BULL,PULLBACK,NO_SIGNAL,SKIP,0/4,572.04290000,579.94290000,Dropped: symbol not seen in current scan,2026-07-21 13:10:29.154762,f,t,t,f,t
1162,2026-07-21 10:26:16.361252,BTCUSDT,2026-07-21 09:45:00,66307.00000000,78.42,87.02,143.97142857,london,UP,BULL,PULLBACK,NO_SIGNAL,SKIP,0/4,65947.07140000,67386.78570000,Dropped: symbol not seen in current scan,2026-07-21 12:11:45.720138,t,t,t,f,t
1168,2026-07-21 10:47:09.607382,BTCUSDT,2026-07-21 09:45:00,66307.00000000,78.42,87.02,143.97142857,london,UP,BULL,PULLBACK,NO_SIGNAL,SKIP,0/4,65947.07140000,67386.78570000,Dropped: symbol not seen in current scan,2026-07-21 12:11:45.720138,t,t,t,f,t
1172,2026-07-21 10:57:42.637636,BTCUSDT,2026-07-21 09:45:00,66307.00000000,78.42,87.02,143.97142857,london,UP,BULL,PULLBACK,NO_SIGNAL,SKIP,0/4,65947.07140000,67386.78570000,Dropped: symbol not seen in current scan,2026-07-21 12:11:45.720138,t,t,t,f,t
1192,2026-07-21 11:50:19.797777,ETHUSDT,2026-07-21 11:00:00,1931.31000000,46.49,64.70,5.63214286,london,UP,BULL,PULLBACK,NO_SIGNAL,SKIP,0/4,1916.66640000,1965.10290000,Dropped: symbol not seen in current scan,2026-07-21 13:10:29.154762,t,t,t,f,t
959,2026-07-20 14:44:01.241892,SOLUSDT,2026-07-20 13:30:00,76.91000000,60.63,35.56,0.30571429,ny_open,UP,BULL,PULLBACK,NO_SIGNAL,SKIP,0/4,76.14570000,79.20290000,Dropped: symbol not seen in current scan,2026-07-21 13:10:29.154762,t,t,t,f,t
1058,2026-07-21 04:05:47.934543,XRPUSDT,2026-07-21 03:30:00,1.12280000,71.27,36.98,0.00376429,asian,UP,BULL,PULLBACK,NO_SIGNAL,SKIP,0/4,1.10870000,1.14090000,Dropped: symbol not seen in current scan,2026-07-21 13:10:29.154762,f,t,t,f,t
997,2026-07-20 19:07:03.778851,XRPUSDT,2026-07-20 18:00:00,1.11800000,82.37,34.76,0.00477857,overlap,DOWN,BULL,PULLBACK,NO_SIGNAL,SKIP,0/4,1.12990000,1.08069000,Dropped: symbol not seen in current scan,2026-07-21 13:10:29.154762,f,t,t,t,t
970,2026-07-20 16:24:09.763701,SOLUSDT,2026-07-20 15:45:00,77.68000000,62.76,18.33,0.43857143,ny_open,UP,BULL,PULLBACK,NO_SIGNAL,SKIP,0/4,76.80290000,80.24568000,Dropped: symbol not seen in current scan,2026-07-21 13:10:29.154762,t,f,t,f,t
988,2026-07-20 18:19:45.693941,XRPUSDT,2026-07-20 18:00:00,1.11800000,82.37,34.76,0.00477857,overlap,DOWN,BULL,PULLBACK,NO_SIGNAL,SKIP,0/4,1.12990000,1.08069000,Dropped: symbol not seen in current scan,2026-07-21 13:10:29.154762,f,t,t,t,t
989,2026-07-20 18:24:59.539192,XRPUSDT,2026-07-20 18:00:00,1.11800000,82.37,34.76,0.00477857,overlap,DOWN,BULL,PULLBACK,NO_SIGNAL,SKIP,0/4,1.12990000,1.08069000,Dropped: symbol not seen in current scan,2026-07-21 13:10:29.154762,f,t,t,t,t
1041,2026-07-20 21:55:44.16492,XRPUSDT,2026-07-20 21:00:00,1.11800000,60.47,38.15,0.00392143,ny_late,DOWN,BULL,PULLBACK,NO_SIGNAL,SKIP,0/4,1.12780000,1.09450000,Dropped: symbol not seen in current scan,2026-07-21 13:10:29.154762,t,t,t,f,t
1013,2026-07-20 20:31:12.562116,SOLUSDT,2026-07-20 20:00:00,77.64000000,51.75,31.41,0.30357143,ny_late,UP,BULL,PULLBACK,NO_SIGNAL,SKIP,0/4,76.88110000,79.91680000,Dropped: symbol not seen in current scan,2026-07-21 13:10:29.154762,t,t,t,f,t
1000,2026-07-20 19:22:50.635414,XRPUSDT,2026-07-20 19:00:00,1.11470000,63.31,48.55,0.00372857,overlap,DOWN,BULL,PULLBACK,NO_SIGNAL,SKIP,0/4,1.12400000,1.09230000,Dropped: symbol not seen in current scan,2026-07-21 13:10:29.154762,f,t,t,f,t
1064,2026-07-21 04:21:40.676108,XRPUSDT,2026-07-21 03:30:00,1.12280000,71.27,36.98,0.00376429,asian,UP,BULL,PULLBACK,NO_SIGNAL,SKIP,0/4,1.10870000,1.14090000,Dropped: symbol not seen in current scan,2026-07-21 13:10:29.154762,f,t,t,f,t
1011,2026-07-20 20:20:42.583974,XRPUSDT,2026-07-20 19:00:00,1.11470000,63.31,48.55,0.00372857,overlap,DOWN,BULL,PULLBACK,NO_SIGNAL,SKIP,0/4,1.12400000,1.09230000,Dropped: symbol not seen in current scan,2026-07-21 13:10:29.154762,f,t,t,f,t
1165,2026-07-21 10:36:35.871229,BNBUSDT,2026-07-21 10:00:00,579.20000000,70.00,54.67,1.07142857,london,UP,BULL,PULLBACK,NO_SIGNAL,SKIP,0/4,581.34290000,572.23577000,Dropped: symbol not seen in current scan,2026-07-21 13:10:29.154762,t,t,t,f,t
1090,2026-07-21 06:34:05.451842,XRPUSDT,2026-07-21 05:30:00,1.12840000,74.16,61.32,0.00454286,asian,UP,BULL,PULLBACK,NO_SIGNAL,SKIP,0/4,1.14320000,1.09291000,Dropped: symbol not seen in current scan,2026-07-21 13:10:29.154762,f,t,t,t,t
1016,2026-07-20 20:36:28.509622,XRPUSDT,2026-07-20 20:00:00,1.11400000,53.50,47.27,0.00365000,ny_late,DOWN,BULL,PULLBACK,NO_SIGNAL,SKIP,0/4,1.12310000,1.09210000,Dropped: symbol not seen in current scan,2026-07-21 13:10:29.154762,t,t,t,f,t
995,2026-07-20 18:56:32.692048,XRPUSDT,2026-07-20 18:00:00,1.11800000,82.37,34.76,0.00477857,overlap,DOWN,BULL,PULLBACK,NO_SIGNAL,SKIP,0/4,1.12990000,1.08069000,Dropped: symbol not seen in current scan,2026-07-21 13:10:29.154762,f,t,t,t,t
1118,2026-07-21 08:14:31.278794,XRPUSDT,2026-07-21 07:45:00,1.13460000,72.30,64.48,0.00424286,london,UP,BULL,PULLBACK,NO_SIGNAL,SKIP,0/4,1.14840000,1.10145000,Dropped: symbol not seen in current scan,2026-07-21 13:10:29.154762,t,t,t,t,t
1072,2026-07-21 04:42:48.594143,XRPUSDT,2026-07-21 03:30:00,1.12280000,71.27,36.98,0.00376429,asian,UP,BULL,PULLBACK,NO_SIGNAL,SKIP,0/4,1.10870000,1.14090000,Dropped: symbol not seen in current scan,2026-07-21 13:10:29.154762,f,t,t,f,t
1174,2026-07-21 11:02:58.907235,BTCUSDT,2026-07-21 09:45:00,66307.00000000,78.42,87.02,143.97142857,london,UP,BULL,PULLBACK,NO_SIGNAL,SKIP,0/4,65947.07140000,67386.78570000,Dropped: symbol not seen in current scan,2026-07-21 12:11:45.720138,t,t,t,f,t
1170,2026-07-21 10:52:25.197826,BTCUSDT,2026-07-21 09:45:00,66307.00000000,78.42,87.02,143.97142857,london,UP,BULL,PULLBACK,NO_SIGNAL,SKIP,0/4,65947.07140000,67386.78570000,Dropped: symbol not seen in current scan,2026-07-21 12:11:45.720138,t,t,t,f,t
1164,2026-07-21 10:36:35.871229,BTCUSDT,2026-07-21 09:45:00,66307.00000000,78.42,87.02,143.97142857,london,UP,BULL,PULLBACK,NO_SIGNAL,SKIP,0/4,65947.07140000,67386.78570000,Dropped: symbol not seen in current scan,2026-07-21 12:11:45.720138,t,t,t,f,t
1087,2026-07-21 06:28:47.146575,BTCUSDT,2026-07-21 05:30:00,65559.10000000,76.01,37.25,127.78571429,asian,UP,BULL,PULLBACK,NO_SIGNAL,SKIP,0/4,65239.63570000,66325.81432000,Dropped: symbol not seen in current scan,2026-07-21 12:11:45.720138,f,t,t,f,t
1052,2026-07-21 03:55:11.732585,BTCUSDT,2026-07-21 03:15:00,65450.00000000,60.21,27.93,155.08571429,asian,UP,BULL,PULLBACK,NO_SIGNAL,SKIP,0/4,65062.28570000,66613.14290000,Dropped: symbol not seen in current scan,2026-07-21 12:11:45.720138,f,t,t,f,t
1132,2026-07-21 08:40:53.674126,SOLUSDT,2026-07-21 07:45:00,78.59000000,75.00,56.38,0.22500000,london,UP,BULL,PULLBACK,NO_SIGNAL,SKIP,0/4,78.02750000,80.27750000,Dropped: symbol not seen in current scan,2026-07-21 13:10:29.154762,t,t,t,f,t
1031,2026-07-20 21:18:44.052846,SOLUSDT,2026-07-20 20:00:00,77.64000000,51.75,31.41,0.30357143,ny_late,UP,BULL,PULLBACK,NO_SIGNAL,SKIP,0/4,76.88110000,79.91680000,Dropped: symbol not seen in current scan,2026-07-21 13:10:29.154762,t,t,t,f,t
1109,2026-07-21 07:53:26.561852,XRPUSDT,2026-07-21 06:45:00,1.13490000,72.59,67.38,0.00418571,asian,UP,BULL,PULLBACK,NO_SIGNAL,SKIP,0/4,1.14850000,1.10227000,Dropped: symbol not seen in current scan,2026-07-21 13:10:29.154762,f,t,t,t,t
1112,2026-07-21 08:04:01.085849,XRPUSDT,2026-07-21 07:45:00,1.13460000,72.30,64.48,0.00424286,london,UP,BULL,PULLBACK,NO_SIGNAL,SKIP,0/4,1.14840000,1.10145000,Dropped: symbol not seen in current scan,2026-07-21 13:10:29.154762,t,t,t,t,t
1065,2026-07-21 04:21:40.676108,BNBUSDT,2026-07-21 03:30:00,574.30000000,71.43,40.68,1.12857143,asian,UP,BULL,PULLBACK,NO_SIGNAL,SKIP,0/4,572.04290000,579.94290000,Dropped: symbol not seen in current scan,2026-07-21 13:10:29.154762,f,t,t,f,t
1048,2026-07-21 03:44:38.09637,SOLUSDT,2026-07-21 03:30:00,78.21000000,63.95,28.01,0.25285714,asian,UP,BULL,PULLBACK,NO_SIGNAL,SKIP,0/4,77.57790000,80.10640000,Dropped: symbol not seen in current scan,2026-07-21 13:10:29.154762,f,t,t,f,t
1053,2026-07-21 03:55:11.732585,SOLUSDT,2026-07-21 03:30:00,78.21000000,63.95,28.01,0.25285714,asian,UP,BULL,PULLBACK,NO_SIGNAL,SKIP,0/4,77.57790000,80.10640000,Dropped: symbol not seen in current scan,2026-07-21 13:10:29.154762,f,t,t,f,t
1197,2026-07-21 12:00:53.784429,XRPUSDT,2026-07-21 11:00:00,1.12950000,41.14,27.51,0.00267857,london,DOWN,BULL,PULLBACK,NO_SIGNAL,SKIP,0/4,1.13620000,1.11662000,Dropped: symbol not seen in current scan,2026-07-21 13:10:29.154762,t,t,t,f,t
1185,2026-07-21 11:29:14.331066,XRPUSDT,2026-07-21 11:00:00,1.12950000,41.14,27.51,0.00267857,london,DOWN,BULL,PULLBACK,NO_SIGNAL,SKIP,0/4,1.13620000,1.11662000,Dropped: symbol not seen in current scan,2026-07-21 13:10:29.154762,t,t,t,f,t
990,2026-07-20 18:30:15.549151,XRPUSDT,2026-07-20 18:00:00,1.11800000,82.37,34.76,0.00477857,overlap,DOWN,BULL,PULLBACK,NO_SIGNAL,SKIP,0/4,1.12990000,1.08069000,Dropped: symbol not seen in current scan,2026-07-21 13:10:29.154762,f,t,t,t,t
1007,2026-07-20 19:59:38.337283,XRPUSDT,2026-07-20 19:00:00,1.11470000,63.31,48.55,0.00372857,overlap,DOWN,BULL,PULLBACK,NO_SIGNAL,SKIP,0/4,1.12400000,1.09230000,Dropped: symbol not seen in current scan,2026-07-21 13:10:29.154762,f,t,t,f,t
1020,2026-07-20 20:47:04.054846,XRPUSDT,2026-07-20 20:00:00,1.11400000,53.50,47.27,0.00365000,ny_late,DOWN,BULL,PULLBACK,NO_SIGNAL,SKIP,0/4,1.12310000,1.09210000,Dropped: symbol not seen in current scan,2026-07-21 13:10:29.154762,t,t,t,f,t
1140,2026-07-21 08:51:23.532839,BNBUSDT,2026-07-21 07:45:00,576.40000000,68.85,49.83,0.90714286,london,DOWN,BULL,PULLBACK,NO_SIGNAL,SKIP,0/4,578.21430000,571.86430000,Dropped: symbol not seen in current scan,2026-07-21 13:10:29.154762,t,t,t,f,t
1131,2026-07-21 08:35:37.541724,BNBUSDT,2026-07-21 07:45:00,576.40000000,68.85,49.83,0.90714286,london,DOWN,BULL,PULLBACK,NO_SIGNAL,SKIP,0/4,578.21430000,571.86430000,Dropped: symbol not seen in current scan,2026-07-21 13:10:29.154762,t,t,t,f,t
1143,2026-07-21 08:56:39.53605,BNBUSDT,2026-07-21 07:45:00,576.40000000,68.85,49.83,0.90714286,london,DOWN,BULL,PULLBACK,NO_SIGNAL,SKIP,0/4,578.21430000,571.86430000,Dropped: symbol not seen in current scan,2026-07-21 13:10:29.154762,t,t,t,f,t
1030,2026-07-20 21:13:26.452677,XRPUSDT,2026-07-20 20:00:00,1.11400000,53.50,47.27,0.00365000,ny_late,DOWN,BULL,PULLBACK,NO_SIGNAL,SKIP,0/4,1.12310000,1.09210000,Dropped: symbol not seen in current scan,2026-07-21 13:10:29.154762,t,t,t,f,t
1111,2026-07-21 08:04:01.085849,SOLUSDT,2026-07-21 07:45:00,78.59000000,75.00,56.38,0.22500000,london,UP,BULL,PULLBACK,NO_SIGNAL,SKIP,0/4,78.02750000,80.27750000,Dropped: symbol not seen in current scan,2026-07-21 13:10:29.154762,t,t,t,f,t
1124,2026-07-21 08:25:01.92886,XRPUSDT,2026-07-21 07:45:00,1.13460000,72.30,64.48,0.00424286,london,UP,BULL,PULLBACK,NO_SIGNAL,SKIP,0/4,1.14840000,1.10145000,Dropped: symbol not seen in current scan,2026-07-21 13:10:29.154762,t,t,t,t,t
1010,2026-07-20 20:15:27.595639,XRPUSDT,2026-07-20 19:00:00,1.11470000,63.31,48.55,0.00372857,overlap,DOWN,BULL,PULLBACK,NO_SIGNAL,SKIP,0/4,1.12400000,1.09230000,Dropped: symbol not seen in current scan,2026-07-21 13:10:29.154762,f,t,t,f,t
1130,2026-07-21 08:35:37.541724,XRPUSDT,2026-07-21 07:45:00,1.13460000,72.30,64.48,0.00424286,london,UP,BULL,PULLBACK,NO_SIGNAL,SKIP,0/4,1.14840000,1.10145000,Dropped: symbol not seen in current scan,2026-07-21 13:10:29.154762,t,t,t,t,t
1088,2026-07-21 06:28:47.146575,XRPUSDT,2026-07-21 05:30:00,1.12840000,74.16,61.32,0.00454286,asian,UP,BULL,PULLBACK,NO_SIGNAL,SKIP,0/4,1.14320000,1.09291000,Dropped: symbol not seen in current scan,2026-07-21 13:10:29.154762,f,t,t,t,t
1040,2026-07-20 21:50:25.697847,XRPUSDT,2026-07-20 21:00:00,1.11800000,60.47,38.15,0.00392143,ny_late,DOWN,BULL,PULLBACK,NO_SIGNAL,SKIP,0/4,1.12780000,1.09450000,Dropped: symbol not seen in current scan,2026-07-21 13:10:29.154762,t,t,t,f,t
942,2026-07-20 14:01:51.249668,BTCUSDT,2026-07-20 13:30:00,64646.30000000,62.02,40.39,200.27142857,ny_open,UP,BULL,PULLBACK,NO_SIGNAL,SKIP,0/4,63995.41790000,66148.33570000,Dropped: symbol not seen in current scan,2026-07-21 12:11:45.720138,t,t,t,f,t
975,2026-07-20 16:40:00.277857,BTCUSDT,2026-07-20 15:45:00,65318.10000000,66.78,25.40,291.33571429,ny_open,UP,BULL,PULLBACK,NO_SIGNAL,SKIP,0/4,64589.76070000,68158.62327000,Dropped: symbol not seen in current scan,2026-07-21 12:11:45.720138,t,t,t,f,t
1176,2026-07-21 11:08:14.640594,BTCUSDT,2026-07-21 09:45:00,66307.00000000,78.42,87.02,143.97142857,london,UP,BULL,PULLBACK,NO_SIGNAL,SKIP,0/4,65947.07140000,67386.78570000,Dropped: symbol not seen in current scan,2026-07-21 12:11:45.720138,t,t,t,f,t
1079,2026-07-21 06:07:34.937113,BTCUSDT,2026-07-21 05:30:00,65559.10000000,76.01,37.25,127.78571429,asian,UP,BULL,PULLBACK,NO_SIGNAL,SKIP,0/4,65239.63570000,66325.81432000,Dropped: symbol not seen in current scan,2026-07-21 12:11:45.720138,f,t,t,f,t
1083,2026-07-21 06:18:09.04422,BTCUSDT,2026-07-21 05:30:00,65559.10000000,76.01,37.25,127.78571429,asian,UP,BULL,PULLBACK,NO_SIGNAL,SKIP,0/4,65239.63570000,66325.81432000,Dropped: symbol not seen in current scan,2026-07-21 12:11:45.720138,f,t,t,f,t
1193,2026-07-21 11:50:19.797777,XRPUSDT,2026-07-21 11:00:00,1.12950000,41.14,27.51,0.00267857,london,DOWN,BULL,PULLBACK,NO_SIGNAL,SKIP,0/4,1.13620000,1.11662000,Dropped: symbol not seen in current scan,2026-07-21 13:10:29.154762,t,t,t,f,t
1201,2026-07-21 12:11:29.010132,XRPUSDT,2026-07-21 11:00:00,1.12950000,41.14,27.51,0.00267857,london,DOWN,BULL,PULLBACK,NO_SIGNAL,SKIP,0/4,1.13620000,1.11662000,Dropped: symbol not seen in current scan,2026-07-21 13:10:29.154762,t,t,t,f,t
1181,2026-07-21 11:18:44.931714,XRPUSDT,2026-07-21 11:00:00,1.12950000,41.14,27.51,0.00267857,london,DOWN,BULL,PULLBACK,NO_SIGNAL,SKIP,0/4,1.13620000,1.11662000,Dropped: symbol not seen in current scan,2026-07-21 13:10:29.154762,t,t,t,f,t
965,2026-07-20 16:13:32.205859,BTCUSDT,2026-07-20 15:45:00,65318.10000000,66.78,25.40,291.33571429,ny_open,UP,BULL,PULLBACK,NO_SIGNAL,SKIP,0/4,64589.76070000,68158.62327000,Dropped: symbol not seen in current scan,2026-07-21 12:11:45.720138,t,t,t,f,t
1167,2026-07-21 10:41:52.889163,BNBUSDT,2026-07-21 10:00:00,579.20000000,70.00,54.67,1.07142857,london,UP,BULL,PULLBACK,NO_SIGNAL,SKIP,0/4,581.34290000,572.23577000,Dropped: symbol not seen in current scan,2026-07-21 13:10:29.154762,t,t,t,f,t
960,2026-07-20 14:49:15.686467,BTCUSDT,2026-07-20 13:30:00,64646.30000000,62.02,40.39,200.27142857,ny_open,UP,BULL,PULLBACK,NO_SIGNAL,SKIP,0/4,63995.41790000,66148.33570000,Dropped: symbol not seen in current scan,2026-07-21 12:11:45.720138,t,t,t,f,t
1142,2026-07-21 08:56:39.53605,XRPUSDT,2026-07-21 07:45:00,1.13460000,72.30,64.48,0.00424286,london,UP,BULL,PULLBACK,NO_SIGNAL,SKIP,0/4,1.14840000,1.10145000,Dropped: symbol not seen in current scan,2026-07-21 13:10:29.154762,t,t,t,t,t
1066,2026-07-21 04:26:57.076567,XRPUSDT,2026-07-21 03:30:00,1.12280000,71.27,36.98,0.00376429,asian,UP,BULL,PULLBACK,NO_SIGNAL,SKIP,0/4,1.10870000,1.14090000,Dropped: symbol not seen in current scan,2026-07-21 13:10:29.154762,f,t,t,f,t
1157,2026-07-21 10:10:13.119866,BNBUSDT,2026-07-21 10:00:00,579.20000000,70.00,54.67,1.07142857,london,UP,BULL,PULLBACK,NO_SIGNAL,SKIP,0/4,581.34290000,572.23577000,Dropped: symbol not seen in current scan,2026-07-21 13:10:29.154762,t,t,t,f,t
1119,2026-07-21 08:14:31.278794,BNBUSDT,2026-07-21 07:45:00,576.40000000,68.85,49.83,0.90714286,london,DOWN,BULL,PULLBACK,NO_SIGNAL,SKIP,0/4,578.21430000,571.86430000,Dropped: symbol not seen in current scan,2026-07-21 13:10:29.154762,t,t,t,f,t
1177,2026-07-21 11:08:14.640594,BNBUSDT,2026-07-21 10:00:00,579.20000000,70.00,54.67,1.07142857,london,UP,BULL,PULLBACK,NO_SIGNAL,SKIP,0/4,581.34290000,572.23577000,Dropped: symbol not seen in current scan,2026-07-21 13:10:29.154762,t,t,t,f,t
1135,2026-07-21 08:46:09.25928,SOLUSDT,2026-07-21 07:45:00,78.59000000,75.00,56.38,0.22500000,london,UP,BULL,PULLBACK,NO_SIGNAL,SKIP,0/4,78.02750000,80.27750000,Dropped: symbol not seen in current scan,2026-07-21 13:10:29.154762,t,t,t,f,t
945,2026-07-20 14:07:09.972758,SOLUSDT,2026-07-20 13:30:00,76.91000000,60.63,35.56,0.30571429,ny_open,UP,BULL,PULLBACK,NO_SIGNAL,SKIP,0/4,76.14570000,79.20290000,Dropped: symbol not seen in current scan,2026-07-21 13:10:29.154762,t,t,t,f,t
1043,2026-07-20 22:06:18.10285,XRPUSDT,2026-07-20 21:00:00,1.11800000,60.47,38.15,0.00392143,ny_late,DOWN,BULL,PULLBACK,NO_SIGNAL,SKIP,0/4,1.12780000,1.09450000,Dropped: symbol not seen in current scan,2026-07-21 13:10:29.154762,t,t,t,f,t
1136,2026-07-21 08:46:09.25928,XRPUSDT,2026-07-21 07:45:00,1.13460000,72.30,64.48,0.00424286,london,UP,BULL,PULLBACK,NO_SIGNAL,SKIP,0/4,1.14840000,1.10145000,Dropped: symbol not seen in current scan,2026-07-21 13:10:29.154762,t,t,t,t,t
1141,2026-07-21 08:56:39.53605,SOLUSDT,2026-07-21 07:45:00,78.59000000,75.00,56.38,0.22500000,london,UP,BULL,PULLBACK,NO_SIGNAL,SKIP,0/4,78.02750000,80.27750000,Dropped: symbol not seen in current scan,2026-07-21 13:10:29.154762,t,t,t,f,t
1155,2026-07-21 10:04:56.192855,XRPUSDT,2026-07-21 08:45:00,1.13290000,53.72,59.19,0.00355714,london,DOWN,BULL,PULLBACK,NO_SIGNAL,SKIP,0/4,1.14180000,1.11160000,Dropped: symbol not seen in current scan,2026-07-21 13:10:29.154762,t,t,t,f,t
957,2026-07-20 14:38:45.268035,SOLUSDT,2026-07-20 13:30:00,76.91000000,60.63,35.56,0.30571429,ny_open,UP,BULL,PULLBACK,NO_SIGNAL,SKIP,0/4,76.14570000,79.20290000,Dropped: symbol not seen in current scan,2026-07-21 13:10:29.154762,t,t,t,f,t
1134,2026-07-21 08:40:53.674126,BNBUSDT,2026-07-21 07:45:00,576.40000000,68.85,49.83,0.90714286,london,DOWN,BULL,PULLBACK,NO_SIGNAL,SKIP,0/4,578.21430000,571.86430000,Dropped: symbol not seen in current scan,2026-07-21 13:10:29.154762,t,t,t,f,t
1075,2026-07-21 04:48:05.473855,BNBUSDT,2026-07-21 03:30:00,574.30000000,71.43,40.68,1.12857143,asian,UP,BULL,PULLBACK,NO_SIGNAL,SKIP,0/4,572.04290000,579.94290000,Dropped: symbol not seen in current scan,2026-07-21 13:10:29.154762,f,t,t,f,t
977,2026-07-20 16:45:16.489132,BTCUSDT,2026-07-20 15:45:00,65318.10000000,66.78,25.40,291.33571429,ny_open,UP,BULL,PULLBACK,NO_SIGNAL,SKIP,0/4,64589.76070000,68158.62327000,Dropped: symbol not seen in current scan,2026-07-21 12:11:45.720138,t,t,t,f,t
1128,2026-07-21 08:30:22.151037,BNBUSDT,2026-07-21 07:45:00,576.40000000,68.85,49.83,0.90714286,london,DOWN,BULL,PULLBACK,NO_SIGNAL,SKIP,0/4,578.21430000,571.86430000,Dropped: symbol not seen in current scan,2026-07-21 13:10:29.154762,t,t,t,f,t
1138,2026-07-21 08:51:23.532839,SOLUSDT,2026-07-21 07:45:00,78.59000000,75.00,56.38,0.22500000,london,UP,BULL,PULLBACK,NO_SIGNAL,SKIP,0/4,78.02750000,80.27750000,Dropped: symbol not seen in current scan,2026-07-21 13:10:29.154762,t,t,t,f,t
949,2026-07-20 14:17:40.818165,SOLUSDT,2026-07-20 13:30:00,76.91000000,60.63,35.56,0.30571429,ny_open,UP,BULL,PULLBACK,NO_SIGNAL,SKIP,0/4,76.14570000,79.20290000,Dropped: symbol not seen in current scan,2026-07-21 13:10:29.154762,t,t,t,f,t
1029,2026-07-20 21:13:26.452677,SOLUSDT,2026-07-20 20:00:00,77.64000000,51.75,31.41,0.30357143,ny_late,UP,BULL,PULLBACK,NO_SIGNAL,SKIP,0/4,76.88110000,79.91680000,Dropped: symbol not seen in current scan,2026-07-21 13:10:29.154762,t,t,t,f,t
973,2026-07-20 16:34:43.346295,BTCUSDT,2026-07-20 15:45:00,65318.10000000,66.78,25.40,291.33571429,ny_open,UP,BULL,PULLBACK,NO_SIGNAL,SKIP,0/4,64589.76070000,68158.62327000,Dropped: symbol not seen in current scan,2026-07-21 12:11:45.720138,t,t,t,f,t
1202,2026-07-21 12:16:47.912735,BTCUSDT,2026-07-21 11:45:00,66318.60000000,58.36,57.92,113.55000000,london,UP,BULL,PULLBACK,CONFIRMED,HIGH,3/4,66034.72500000,66999.90000000,DQS=68 | tech=41 struct=72 ctx=95,2026-07-21 12:17:03.444156,t,t,t,f,t
999,2026-07-20 19:17:35.036616,XRPUSDT,2026-07-20 18:00:00,1.11800000,82.37,34.76,0.00477857,overlap,DOWN,BULL,PULLBACK,NO_SIGNAL,SKIP,0/4,1.12990000,1.08069000,Dropped: symbol not seen in current scan,2026-07-21 13:10:29.154762,f,t,t,t,t
963,2026-07-20 14:54:31.556777,SOLUSDT,2026-07-20 13:30:00,76.91000000,60.63,35.56,0.30571429,ny_open,UP,BULL,PULLBACK,NO_SIGNAL,SKIP,0/4,76.14570000,79.20290000,Dropped: symbol not seen in current scan,2026-07-21 13:10:29.154762,t,t,t,f,t
1037,2026-07-20 21:34:34.433185,XRPUSDT,2026-07-20 21:00:00,1.11800000,60.47,38.15,0.00392143,ny_late,DOWN,BULL,PULLBACK,NO_SIGNAL,SKIP,0/4,1.12780000,1.09450000,Dropped: symbol not seen in current scan,2026-07-21 13:10:29.154762,t,t,t,f,t
1203,2026-07-21 12:16:47.912735,ETHUSDT,2026-07-21 11:45:00,1935.61000000,44.50,52.28,4.73571429,london,UP,BULL,PULLBACK,NO_SIGNAL,SKIP,0/4,1923.29710000,1958.34144000,Dropped: symbol not seen in current scan,2026-07-21 13:10:29.154762,t,t,t,f,t
1076,2026-07-21 05:51:40.916157,XRPUSDT,2026-07-21 05:30:00,1.12840000,74.16,61.32,0.00454286,asian,UP,BULL,PULLBACK,NO_SIGNAL,SKIP,0/4,1.13980000,1.09291000,Dropped: symbol not seen in current scan,2026-07-21 13:10:29.154762,f,t,t,t,t
1078,2026-07-21 06:02:16.83542,XRPUSDT,2026-07-21 05:30:00,1.12840000,74.16,61.32,0.00454286,asian,UP,BULL,PULLBACK,NO_SIGNAL,SKIP,0/4,1.14320000,1.09291000,Dropped: symbol not seen in current scan,2026-07-21 13:10:29.154762,f,t,t,t,t
1098,2026-07-21 06:55:17.178142,XRPUSDT,2026-07-21 05:30:00,1.12840000,74.16,61.32,0.00454286,asian,UP,BULL,PULLBACK,NO_SIGNAL,SKIP,0/4,1.14320000,1.09291000,Dropped: symbol not seen in current scan,2026-07-21 13:10:29.154762,f,t,t,t,t
1121,2026-07-21 08:19:46.481321,XRPUSDT,2026-07-21 07:45:00,1.13460000,72.30,64.48,0.00424286,london,UP,BULL,PULLBACK,NO_SIGNAL,SKIP,0/4,1.14840000,1.10145000,Dropped: symbol not seen in current scan,2026-07-21 13:10:29.154762,t,t,t,t,t
1149,2026-07-21 09:33:25.283029,XRPUSDT,2026-07-21 08:45:00,1.13290000,53.72,59.19,0.00355714,london,DOWN,BULL,PULLBACK,NO_SIGNAL,SKIP,0/4,1.14180000,1.11160000,Dropped: symbol not seen in current scan,2026-07-21 13:10:29.154762,t,t,t,f,t
1107,2026-07-21 07:42:51.0683,XRPUSDT,2026-07-21 06:45:00,1.13490000,72.59,67.38,0.00418571,asian,UP,BULL,PULLBACK,NO_SIGNAL,SKIP,0/4,1.14850000,1.10227000,Dropped: symbol not seen in current scan,2026-07-21 13:10:29.154762,f,t,t,t,t
1148,2026-07-21 09:28:08.579943,XRPUSDT,2026-07-21 08:45:00,1.13290000,53.72,59.19,0.00355714,london,DOWN,BULL,PULLBACK,NO_SIGNAL,SKIP,0/4,1.14180000,1.11160000,Dropped: symbol not seen in current scan,2026-07-21 13:10:29.154762,t,t,t,f,t
955,2026-07-20 14:33:29.386858,SOLUSDT,2026-07-20 13:30:00,76.91000000,60.63,35.56,0.30571429,ny_open,UP,BULL,PULLBACK,NO_SIGNAL,SKIP,0/4,76.14570000,79.20290000,Dropped: symbol not seen in current scan,2026-07-21 13:10:29.154762,t,t,t,f,t
1171,2026-07-21 10:52:25.197826,BNBUSDT,2026-07-21 10:00:00,579.20000000,70.00,54.67,1.07142857,london,UP,BULL,PULLBACK,NO_SIGNAL,SKIP,0/4,581.34290000,572.23577000,Dropped: symbol not seen in current scan,2026-07-21 13:10:29.154762,t,t,t,f,t
1023,2026-07-20 20:57:37.509851,SOLUSDT,2026-07-20 20:00:00,77.64000000,51.75,31.41,0.30357143,ny_late,UP,BULL,PULLBACK,NO_SIGNAL,SKIP,0/4,76.88110000,79.91680000,Dropped: symbol not seen in current scan,2026-07-21 13:10:29.154762,t,t,t,f,t
954,2026-07-20 14:33:29.386858,BTCUSDT,2026-07-20 13:30:00,64646.30000000,62.02,40.39,200.27142857,ny_open,UP,BULL,PULLBACK,NO_SIGNAL,SKIP,0/4,63995.41790000,66148.33570000,Dropped: symbol not seen in current scan,2026-07-21 12:11:45.720138,t,t,t,f,t
1178,2026-07-21 11:13:29.775318,BTCUSDT,2026-07-21 09:45:00,66307.00000000,78.42,87.02,143.97142857,london,UP,BULL,PULLBACK,NO_SIGNAL,SKIP,0/4,65947.07140000,67386.78570000,Dropped: symbol not seen in current scan,2026-07-21 12:11:45.720138,t,t,t,f,t
1017,2026-07-20 20:41:46.737015,SOLUSDT,2026-07-20 20:00:00,77.64000000,51.75,31.41,0.30357143,ny_late,UP,BULL,PULLBACK,NO_SIGNAL,SKIP,0/4,76.88110000,79.91680000,Dropped: symbol not seen in current scan,2026-07-21 13:10:29.154762,t,t,t,f,t
1085,2026-07-21 06:23:26.580014,BTCUSDT,2026-07-21 05:30:00,65559.10000000,76.01,37.25,127.78571429,asian,UP,BULL,PULLBACK,NO_SIGNAL,SKIP,0/4,65239.63570000,66325.81432000,Dropped: symbol not seen in current scan,2026-07-21 12:11:45.720138,f,t,t,f,t
1033,2026-07-20 21:24:00.686342,SOLUSDT,2026-07-20 20:00:00,77.64000000,51.75,31.41,0.30357143,ny_late,UP,BULL,PULLBACK,NO_SIGNAL,SKIP,0/4,76.88110000,79.91680000,Dropped: symbol not seen in current scan,2026-07-21 13:10:29.154762,t,t,t,f,t
1117,2026-07-21 08:14:31.278794,SOLUSDT,2026-07-21 07:45:00,78.59000000,75.00,56.38,0.22500000,london,UP,BULL,PULLBACK,NO_SIGNAL,SKIP,0/4,78.02750000,80.27750000,Dropped: symbol not seen in current scan,2026-07-21 13:10:29.154762,t,t,t,f,t
939,2026-07-20 13:56:34.05884,BTCUSDT,2026-07-20 13:30:00,64646.30000000,62.02,40.39,200.27142857,ny_open,UP,BULL,PULLBACK,NO_SIGNAL,SKIP,0/4,63995.41790000,66148.33570000,Dropped: symbol not seen in current scan,2026-07-21 12:11:45.720138,t,t,t,f,t
1147,2026-07-21 09:22:53.430652,XRPUSDT,2026-07-21 08:45:00,1.13290000,53.72,59.19,0.00355714,london,DOWN,BULL,PULLBACK,NO_SIGNAL,SKIP,0/4,1.14180000,1.11160000,Dropped: symbol not seen in current scan,2026-07-21 13:10:29.154762,t,t,t,f,t
987,2026-07-20 17:11:31.494451,SOLUSDT,2026-07-20 15:45:00,77.68000000,62.76,18.33,0.43857143,ny_open,UP,BULL,PULLBACK,NO_SIGNAL,SKIP,0/4,76.80290000,80.24568000,Dropped: symbol not seen in current scan,2026-07-21 13:10:29.154762,t,f,t,f,t
943,2026-07-20 14:01:51.249668,SOLUSDT,2026-07-20 13:30:00,76.91000000,60.63,35.56,0.30571429,ny_open,UP,BULL,PULLBACK,NO_SIGNAL,SKIP,0/4,76.14570000,79.20290000,Dropped: symbol not seen in current scan,2026-07-21 13:10:29.154762,t,t,t,f,t
1173,2026-07-21 10:57:42.637636,BNBUSDT,2026-07-21 10:00:00,579.20000000,70.00,54.67,1.07142857,london,UP,BULL,PULLBACK,NO_SIGNAL,SKIP,0/4,581.34290000,572.23577000,Dropped: symbol not seen in current scan,2026-07-21 13:10:29.154762,t,t,t,f,t
1057,2026-07-21 04:00:28.032504,BNBUSDT,2026-07-21 03:30:00,574.30000000,71.43,40.68,1.12857143,asian,UP,BULL,PULLBACK,NO_SIGNAL,SKIP,0/4,572.04290000,579.94290000,Dropped: symbol not seen in current scan,2026-07-21 13:10:29.154762,f,t,t,f,t
1067,2026-07-21 04:26:57.076567,BNBUSDT,2026-07-21 03:30:00,574.30000000,71.43,40.68,1.12857143,asian,UP,BULL,PULLBACK,NO_SIGNAL,SKIP,0/4,572.04290000,579.94290000,Dropped: symbol not seen in current scan,2026-07-21 13:10:29.154762,f,t,t,f,t
978,2026-07-20 16:45:16.489132,SOLUSDT,2026-07-20 15:45:00,77.68000000,62.76,18.33,0.43857143,ny_open,UP,BULL,PULLBACK,NO_SIGNAL,SKIP,0/4,76.80290000,80.24568000,Dropped: symbol not seen in current scan,2026-07-21 13:10:29.154762,t,f,t,f,t
1159,2026-07-21 10:15:36.347868,BNBUSDT,2026-07-21 10:00:00,579.20000000,70.00,54.67,1.07142857,london,UP,BULL,PULLBACK,NO_SIGNAL,SKIP,0/4,581.34290000,572.23577000,Dropped: symbol not seen in current scan,2026-07-21 13:10:29.154762,t,t,t,f,t
1008,2026-07-20 20:04:55.28569,XRPUSDT,2026-07-20 19:00:00,1.11470000,63.31,48.55,0.00372857,overlap,DOWN,BULL,PULLBACK,NO_SIGNAL,SKIP,0/4,1.12400000,1.09230000,Dropped: symbol not seen in current scan,2026-07-21 13:10:29.154762,f,t,t,f,t
935,2026-07-20 13:45:58.039268,BTCUSDT,2026-07-20 12:15:00,64700.10000000,72.60,27.93,173.99285714,overlap,UP,BULL,PULLBACK,NO_SIGNAL,SKIP,0/4,64265.11790000,65744.05712000,Dropped: symbol not seen in current scan,2026-07-21 12:11:45.720138,f,t,t,f,t
1081,2026-07-21 06:12:51.495859,BTCUSDT,2026-07-21 05:30:00,65559.10000000,76.01,37.25,127.78571429,asian,UP,BULL,PULLBACK,NO_SIGNAL,SKIP,0/4,65239.63570000,66325.81432000,Dropped: symbol not seen in current scan,2026-07-21 12:11:45.720138,f,t,t,f,t
1163,2026-07-21 10:26:16.361252,BNBUSDT,2026-07-21 10:00:00,579.20000000,70.00,54.67,1.07142857,london,UP,BULL,PULLBACK,NO_SIGNAL,SKIP,0/4,581.34290000,572.23577000,Dropped: symbol not seen in current scan,2026-07-21 13:10:29.154762,t,t,t,f,t
1160,2026-07-21 10:20:56.343522,BTCUSDT,2026-07-21 09:45:00,66307.00000000,78.42,87.02,143.97142857,london,UP,BULL,PULLBACK,NO_SIGNAL,SKIP,0/4,65947.07140000,67386.78570000,Dropped: symbol not seen in current scan,2026-07-21 12:11:45.720138,t,t,t,f,t
1012,2026-07-20 20:25:58.301849,XRPUSDT,2026-07-20 20:00:00,1.11400000,53.50,47.27,0.00365000,ny_late,DOWN,BULL,PULLBACK,NO_SIGNAL,SKIP,0/4,1.12310000,1.09210000,Dropped: symbol not seen in current scan,2026-07-21 13:10:29.154762,t,t,t,f,t
1046,2026-07-20 22:22:09.828874,XRPUSDT,2026-07-20 21:00:00,1.11800000,60.47,38.15,0.00392143,ny_late,DOWN,BULL,PULLBACK,NO_SIGNAL,SKIP,0/4,1.12780000,1.09450000,Dropped: symbol not seen in current scan,2026-07-21 13:10:29.154762,t,t,t,f,t
1068,2026-07-21 04:32:14.012848,XRPUSDT,2026-07-21 03:30:00,1.12280000,71.27,36.98,0.00376429,asian,UP,BULL,PULLBACK,NO_SIGNAL,SKIP,0/4,1.10870000,1.14090000,Dropped: symbol not seen in current scan,2026-07-21 13:10:29.154762,f,t,t,f,t
1108,2026-07-21 07:48:08.636254,XRPUSDT,2026-07-21 06:45:00,1.13490000,72.59,67.38,0.00418571,asian,UP,BULL,PULLBACK,NO_SIGNAL,SKIP,0/4,1.14850000,1.10227000,Dropped: symbol not seen in current scan,2026-07-21 13:10:29.154762,f,t,t,t,t
948,2026-07-20 14:17:40.818165,BTCUSDT,2026-07-20 13:30:00,64646.30000000,62.02,40.39,200.27142857,ny_open,UP,BULL,PULLBACK,NO_SIGNAL,SKIP,0/4,63995.41790000,66148.33570000,Dropped: symbol not seen in current scan,2026-07-21 12:11:45.720138,t,t,t,f,t
1127,2026-07-21 08:30:22.151037,XRPUSDT,2026-07-21 07:45:00,1.13460000,72.30,64.48,0.00424286,london,UP,BULL,PULLBACK,NO_SIGNAL,SKIP,0/4,1.14840000,1.10145000,Dropped: symbol not seen in current scan,2026-07-21 13:10:29.154762,t,t,t,t,t
950,2026-07-20 14:22:57.379156,BTCUSDT,2026-07-20 13:30:00,64646.30000000,62.02,40.39,200.27142857,ny_open,UP,BULL,PULLBACK,NO_SIGNAL,SKIP,0/4,63995.41790000,66148.33570000,Dropped: symbol not seen in current scan,2026-07-21 12:11:45.720138,t,t,t,f,t
996,2026-07-20 19:01:48.329083,XRPUSDT,2026-07-20 18:00:00,1.11800000,82.37,34.76,0.00477857,overlap,DOWN,BULL,PULLBACK,NO_SIGNAL,SKIP,0/4,1.12990000,1.08069000,Dropped: symbol not seen in current scan,2026-07-21 13:10:29.154762,f,t,t,t,t
1091,2026-07-21 06:39:24.467308,BTCUSDT,2026-07-21 05:30:00,65559.10000000,76.01,37.25,127.78571429,asian,UP,BULL,PULLBACK,NO_SIGNAL,SKIP,0/4,65239.63570000,66325.81432000,Dropped: symbol not seen in current scan,2026-07-21 12:11:45.720138,f,t,t,f,t
931,2026-07-20 13:24:45.662705,BTCUSDT,2026-07-20 12:15:00,64700.10000000,72.60,27.93,173.99285714,overlap,UP,BULL,PULLBACK,NO_SIGNAL,SKIP,0/4,64265.11790000,65744.05712000,Dropped: symbol not seen in current scan,2026-07-21 12:11:45.720138,f,t,t,f,t
1051,2026-07-21 03:49:54.763857,BNBUSDT,2026-07-21 03:30:00,574.30000000,71.43,40.68,1.12857143,asian,UP,BULL,PULLBACK,NO_SIGNAL,SKIP,0/4,572.04290000,579.94290000,Dropped: symbol not seen in current scan,2026-07-21 13:10:29.154762,f,t,t,f,t
1122,2026-07-21 08:19:46.481321,BNBUSDT,2026-07-21 07:45:00,576.40000000,68.85,49.83,0.90714286,london,DOWN,BULL,PULLBACK,NO_SIGNAL,SKIP,0/4,578.21430000,571.86430000,Dropped: symbol not seen in current scan,2026-07-21 13:10:29.154762,t,t,t,f,t
1063,2026-07-21 04:16:23.825438,BNBUSDT,2026-07-21 03:30:00,574.30000000,71.43,40.68,1.12857143,asian,UP,BULL,PULLBACK,NO_SIGNAL,SKIP,0/4,572.04290000,579.94290000,Dropped: symbol not seen in current scan,2026-07-21 13:10:29.154762,f,t,t,f,t
1125,2026-07-21 08:25:01.92886,BNBUSDT,2026-07-21 07:45:00,576.40000000,68.85,49.83,0.90714286,london,DOWN,BULL,PULLBACK,NO_SIGNAL,SKIP,0/4,578.21430000,571.86430000,Dropped: symbol not seen in current scan,2026-07-21 13:10:29.154762,t,t,t,f,t
1049,2026-07-21 03:49:54.763857,SOLUSDT,2026-07-21 03:30:00,78.21000000,63.95,28.01,0.25285714,asian,UP,BULL,PULLBACK,NO_SIGNAL,SKIP,0/4,77.57790000,80.10640000,Dropped: symbol not seen in current scan,2026-07-21 13:10:29.154762,f,t,t,f,t
1114,2026-07-21 08:09:15.991662,SOLUSDT,2026-07-21 07:45:00,78.59000000,75.00,56.38,0.22500000,london,UP,BULL,PULLBACK,NO_SIGNAL,SKIP,0/4,78.02750000,80.27750000,Dropped: symbol not seen in current scan,2026-07-21 13:10:29.154762,t,t,t,f,t
974,2026-07-20 16:34:43.346295,SOLUSDT,2026-07-20 15:45:00,77.68000000,62.76,18.33,0.43857143,ny_open,UP,BULL,PULLBACK,NO_SIGNAL,SKIP,0/4,76.80290000,80.24568000,Dropped: symbol not seen in current scan,2026-07-21 13:10:29.154762,t,f,t,f,t
951,2026-07-20 14:22:57.379156,SOLUSDT,2026-07-20 13:30:00,76.91000000,60.63,35.56,0.30571429,ny_open,UP,BULL,PULLBACK,NO_SIGNAL,SKIP,0/4,76.14570000,79.20290000,Dropped: symbol not seen in current scan,2026-07-21 13:10:29.154762,t,t,t,f,t
1113,2026-07-21 08:04:01.085849,BNBUSDT,2026-07-21 07:45:00,576.40000000,68.85,49.83,0.90714286,london,DOWN,BULL,PULLBACK,NO_SIGNAL,SKIP,0/4,578.21430000,571.86430000,Dropped: symbol not seen in current scan,2026-07-21 13:10:29.154762,t,t,t,f,t
1120,2026-07-21 08:19:46.481321,SOLUSDT,2026-07-21 07:45:00,78.59000000,75.00,56.38,0.22500000,london,UP,BULL,PULLBACK,NO_SIGNAL,SKIP,0/4,78.02750000,80.27750000,Dropped: symbol not seen in current scan,2026-07-21 13:10:29.154762,t,t,t,f,t
1024,2026-07-20 20:57:37.509851,XRPUSDT,2026-07-20 20:00:00,1.11400000,53.50,47.27,0.00365000,ny_late,DOWN,BULL,PULLBACK,NO_SIGNAL,SKIP,0/4,1.12310000,1.09210000,Dropped: symbol not seen in current scan,2026-07-21 13:10:29.154762,t,t,t,f,t
981,2026-07-20 16:55:46.730338,BTCUSDT,2026-07-20 15:45:00,65318.10000000,66.78,25.40,291.33571429,ny_open,UP,BULL,PULLBACK,NO_SIGNAL,SKIP,0/4,64589.76070000,68158.62327000,Dropped: symbol not seen in current scan,2026-07-21 12:11:45.720138,t,t,t,f,t
1092,2026-07-21 06:39:24.467308,XRPUSDT,2026-07-21 05:30:00,1.12840000,74.16,61.32,0.00454286,asian,UP,BULL,PULLBACK,NO_SIGNAL,SKIP,0/4,1.14320000,1.09291000,Dropped: symbol not seen in current scan,2026-07-21 13:10:29.154762,f,t,t,t,t
1105,2026-07-21 07:32:16.814001,XRPUSDT,2026-07-21 06:45:00,1.13490000,72.59,67.38,0.00418571,asian,UP,BULL,PULLBACK,NO_SIGNAL,SKIP,0/4,1.14850000,1.10227000,Dropped: symbol not seen in current scan,2026-07-21 13:10:29.154762,f,t,t,t,t
979,2026-07-20 16:50:31.914252,BTCUSDT,2026-07-20 15:45:00,65318.10000000,66.78,25.40,291.33571429,ny_open,UP,BULL,PULLBACK,NO_SIGNAL,SKIP,0/4,64589.76070000,68158.62327000,Dropped: symbol not seen in current scan,2026-07-21 12:11:45.720138,t,t,t,f,t
934,2026-07-20 13:40:40.994197,BTCUSDT,2026-07-20 12:15:00,64700.10000000,72.60,27.93,173.99285714,overlap,UP,BULL,PULLBACK,NO_SIGNAL,SKIP,0/4,64265.11790000,65744.05712000,Dropped: symbol not seen in current scan,2026-07-21 12:11:45.720138,f,t,t,f,t
983,2026-07-20 17:01:01.74198,BTCUSDT,2026-07-20 15:45:00,65318.10000000,66.78,25.40,291.33571429,ny_open,UP,BULL,PULLBACK,NO_SIGNAL,SKIP,0/4,64589.76070000,68158.62327000,Dropped: symbol not seen in current scan,2026-07-21 12:11:45.720138,t,t,t,f,t
1097,2026-07-21 06:55:17.178142,BTCUSDT,2026-07-21 05:30:00,65559.10000000,76.01,37.25,127.78571429,asian,UP,BULL,PULLBACK,NO_SIGNAL,SKIP,0/4,65239.63570000,66325.81432000,Dropped: symbol not seen in current scan,2026-07-21 12:11:45.720138,f,t,t,f,t
1103,2026-07-21 07:21:42.695874,XRPUSDT,2026-07-21 06:45:00,1.13490000,72.59,67.38,0.00418571,asian,UP,BULL,PULLBACK,NO_SIGNAL,SKIP,0/4,1.14850000,1.10227000,Dropped: symbol not seen in current scan,2026-07-21 13:10:29.154762,f,t,t,t,t
1086,2026-07-21 06:23:26.580014,XRPUSDT,2026-07-21 05:30:00,1.12840000,74.16,61.32,0.00454286,asian,UP,BULL,PULLBACK,NO_SIGNAL,SKIP,0/4,1.14320000,1.09291000,Dropped: symbol not seen in current scan,2026-07-21 13:10:29.154762,f,t,t,t,t
1044,2026-07-20 22:11:36.066026,XRPUSDT,2026-07-20 21:00:00,1.11800000,60.47,38.15,0.00392143,ny_late,DOWN,BULL,PULLBACK,NO_SIGNAL,SKIP,0/4,1.12780000,1.09450000,Dropped: symbol not seen in current scan,2026-07-21 13:10:29.154762,t,t,t,f,t
1042,2026-07-20 22:01:00.349873,XRPUSDT,2026-07-20 21:00:00,1.11800000,60.47,38.15,0.00392143,ny_late,DOWN,BULL,PULLBACK,NO_SIGNAL,SKIP,0/4,1.12780000,1.09450000,Dropped: symbol not seen in current scan,2026-07-21 13:10:29.154762,t,t,t,f,t
1095,2026-07-21 06:49:59.696847,BTCUSDT,2026-07-21 05:30:00,65559.10000000,76.01,37.25,127.78571429,asian,UP,BULL,PULLBACK,NO_SIGNAL,SKIP,0/4,65239.63570000,66325.81432000,Dropped: symbol not seen in current scan,2026-07-21 12:11:45.720138,f,t,t,f,t
932,2026-07-20 13:30:03.897849,BTCUSDT,2026-07-20 12:15:00,64700.10000000,72.60,27.93,173.99285714,overlap,UP,BULL,PULLBACK,NO_SIGNAL,SKIP,0/4,64265.11790000,65744.05712000,Dropped: symbol not seen in current scan,2026-07-21 12:11:45.720138,f,t,t,f,t
933,2026-07-20 13:35:22.758311,BTCUSDT,2026-07-20 12:15:00,64700.10000000,72.60,27.93,173.99285714,overlap,UP,BULL,PULLBACK,NO_SIGNAL,SKIP,0/4,64265.11790000,65744.05712000,Dropped: symbol not seen in current scan,2026-07-21 12:11:45.720138,f,t,t,f,t
958,2026-07-20 14:44:01.241892,BTCUSDT,2026-07-20 13:30:00,64646.30000000,62.02,40.39,200.27142857,ny_open,UP,BULL,PULLBACK,NO_SIGNAL,SKIP,0/4,63995.41790000,66148.33570000,Dropped: symbol not seen in current scan,2026-07-21 12:11:45.720138,t,t,t,f,t
946,2026-07-20 14:12:26.184049,BTCUSDT,2026-07-20 13:30:00,64646.30000000,62.02,40.39,200.27142857,ny_open,UP,BULL,PULLBACK,NO_SIGNAL,SKIP,0/4,63995.41790000,66148.33570000,Dropped: symbol not seen in current scan,2026-07-21 12:11:45.720138,t,t,t,f,t
952,2026-07-20 14:28:14.025876,BTCUSDT,2026-07-20 13:30:00,64646.30000000,62.02,40.39,200.27142857,ny_open,UP,BULL,PULLBACK,NO_SIGNAL,SKIP,0/4,63995.41790000,66148.33570000,Dropped: symbol not seen in current scan,2026-07-21 12:11:45.720138,t,t,t,f,t
936,2026-07-20 13:51:16.40284,BTCUSDT,2026-07-20 13:30:00,64646.30000000,62.02,40.39,200.27142857,ny_open,UP,BULL,PULLBACK,NO_SIGNAL,SKIP,0/4,63995.41790000,66148.33570000,Dropped: symbol not seen in current scan,2026-07-21 12:11:45.720138,t,t,t,f,t
1139,2026-07-21 08:51:23.532839,XRPUSDT,2026-07-21 07:45:00,1.13460000,72.30,64.48,0.00424286,london,UP,BULL,PULLBACK,NO_SIGNAL,SKIP,0/4,1.14840000,1.10145000,Dropped: symbol not seen in current scan,2026-07-21 13:10:29.154762,t,t,t,t,t
1015,2026-07-20 20:36:28.509622,SOLUSDT,2026-07-20 20:00:00,77.64000000,51.75,31.41,0.30357143,ny_late,UP,BULL,PULLBACK,NO_SIGNAL,SKIP,0/4,76.88110000,79.91680000,Dropped: symbol not seen in current scan,2026-07-21 13:10:29.154762,t,t,t,f,t
1153,2026-07-21 09:54:26.221138,XRPUSDT,2026-07-21 08:45:00,1.13290000,53.72,59.19,0.00355714,london,DOWN,BULL,PULLBACK,NO_SIGNAL,SKIP,0/4,1.14180000,1.11160000,Dropped: symbol not seen in current scan,2026-07-21 13:10:29.154762,t,t,t,f,t
1151,2026-07-21 09:43:56.988271,XRPUSDT,2026-07-21 08:45:00,1.13290000,53.72,59.19,0.00355714,london,DOWN,BULL,PULLBACK,NO_SIGNAL,SKIP,0/4,1.14180000,1.11160000,Dropped: symbol not seen in current scan,2026-07-21 13:10:29.154762,t,t,t,f,t
1169,2026-07-21 10:47:09.607382,BNBUSDT,2026-07-21 10:00:00,579.20000000,70.00,54.67,1.07142857,london,UP,BULL,PULLBACK,NO_SIGNAL,SKIP,0/4,581.34290000,572.23577000,Dropped: symbol not seen in current scan,2026-07-21 13:10:29.154762,t,t,t,f,t
1022,2026-07-20 20:52:20.998487,XRPUSDT,2026-07-20 20:00:00,1.11400000,53.50,47.27,0.00365000,ny_late,DOWN,BULL,PULLBACK,NO_SIGNAL,SKIP,0/4,1.12310000,1.09210000,Dropped: symbol not seen in current scan,2026-07-21 13:10:29.154762,t,t,t,f,t
968,2026-07-20 16:18:50.326845,SOLUSDT,2026-07-20 15:45:00,77.68000000,62.76,18.33,0.43857143,ny_open,UP,BULL,PULLBACK,NO_SIGNAL,SKIP,0/4,76.80290000,80.24568000,Dropped: symbol not seen in current scan,2026-07-21 13:10:29.154762,t,f,t,f,t
1133,2026-07-21 08:40:53.674126,XRPUSDT,2026-07-21 07:45:00,1.13460000,72.30,64.48,0.00424286,london,UP,BULL,PULLBACK,NO_SIGNAL,SKIP,0/4,1.14840000,1.10145000,Dropped: symbol not seen in current scan,2026-07-21 13:10:29.154762,t,t,t,t,t
1144,2026-07-21 09:01:54.423621,SOLUSDT,2026-07-21 07:45:00,78.59000000,75.00,56.38,0.22500000,london,UP,BULL,PULLBACK,NO_SIGNAL,SKIP,0/4,78.02750000,80.27750000,Dropped: symbol not seen in current scan,2026-07-21 13:10:29.154762,t,t,t,f,t
1204,2026-07-21 12:16:47.912735,XRPUSDT,2026-07-21 11:45:00,1.13560000,58.82,16.29,0.00235714,london,DOWN,BULL,PULLBACK,NO_SIGNAL,SKIP,0/4,1.14030000,1.12880000,Dropped: symbol not seen in current scan,2026-07-21 13:10:29.154762,t,f,t,f,t
1116,2026-07-21 08:09:15.991662,BNBUSDT,2026-07-21 07:45:00,576.40000000,68.85,49.83,0.90714286,london,DOWN,BULL,PULLBACK,NO_SIGNAL,SKIP,0/4,578.21430000,571.86430000,Dropped: symbol not seen in current scan,2026-07-21 13:10:29.154762,t,t,t,f,t
1175,2026-07-21 11:02:58.907235,BNBUSDT,2026-07-21 10:00:00,579.20000000,70.00,54.67,1.07142857,london,UP,BULL,PULLBACK,NO_SIGNAL,SKIP,0/4,581.34290000,572.23577000,Dropped: symbol not seen in current scan,2026-07-21 13:10:29.154762,t,t,t,f,t
1161,2026-07-21 10:20:56.343522,BNBUSDT,2026-07-21 10:00:00,579.20000000,70.00,54.67,1.07142857,london,UP,BULL,PULLBACK,NO_SIGNAL,SKIP,0/4,581.34290000,572.23577000,Dropped: symbol not seen in current scan,2026-07-21 13:10:29.154762,t,t,t,f,t
941,2026-07-20 13:56:34.05884,SOLUSDT,2026-07-20 13:30:00,76.91000000,60.63,35.56,0.30571429,ny_open,UP,BULL,PULLBACK,NO_SIGNAL,SKIP,0/4,76.14570000,79.20290000,Dropped: symbol not seen in current scan,2026-07-21 13:10:29.154762,t,t,t,f,t
1146,2026-07-21 09:01:54.423621,BNBUSDT,2026-07-21 07:45:00,576.40000000,68.85,49.83,0.90714286,london,DOWN,BULL,PULLBACK,NO_SIGNAL,SKIP,0/4,578.21430000,571.86430000,Dropped: symbol not seen in current scan,2026-07-21 13:10:29.154762,t,t,t,f,t
1055,2026-07-21 03:55:11.732585,BNBUSDT,2026-07-21 03:30:00,574.30000000,71.43,40.68,1.12857143,asian,UP,BULL,PULLBACK,NO_SIGNAL,SKIP,0/4,572.04290000,579.94290000,Dropped: symbol not seen in current scan,2026-07-21 13:10:29.154762,f,t,t,f,t
944,2026-07-20 14:07:09.972758,BTCUSDT,2026-07-20 13:30:00,64646.30000000,62.02,40.39,200.27142857,ny_open,UP,BULL,PULLBACK,NO_SIGNAL,SKIP,0/4,63995.41790000,66148.33570000,Dropped: symbol not seen in current scan,2026-07-21 12:11:45.720138,t,t,t,f,t
969,2026-07-20 16:24:09.763701,BTCUSDT,2026-07-20 15:45:00,65318.10000000,66.78,25.40,291.33571429,ny_open,UP,BULL,PULLBACK,NO_SIGNAL,SKIP,0/4,64589.76070000,68158.62327000,Dropped: symbol not seen in current scan,2026-07-21 12:11:45.720138,t,t,t,f,t
929,2026-07-20 13:14:11.396761,BTCUSDT,2026-07-20 12:15:00,64700.10000000,72.60,27.93,173.99285714,overlap,UP,BULL,PULLBACK,NO_SIGNAL,SKIP,0/4,64265.11790000,65744.05712000,Dropped: symbol not seen in current scan,2026-07-21 12:11:45.720138,f,t,t,f,t
962,2026-07-20 14:54:31.556777,BTCUSDT,2026-07-20 13:30:00,64646.30000000,62.02,40.39,200.27142857,ny_open,UP,BULL,PULLBACK,NO_SIGNAL,SKIP,0/4,63995.41790000,66148.33570000,Dropped: symbol not seen in current scan,2026-07-21 12:11:45.720138,t,t,t,f,t
1025,2026-07-20 21:02:53.06114,SOLUSDT,2026-07-20 20:00:00,77.64000000,51.75,31.41,0.30357143,ny_late,UP,BULL,PULLBACK,NO_SIGNAL,SKIP,0/4,76.88110000,79.91680000,Dropped: symbol not seen in current scan,2026-07-21 13:10:29.154762,t,t,t,f,t
1101,2026-07-21 07:11:07.451793,XRPUSDT,2026-07-21 06:45:00,1.13490000,72.59,67.38,0.00418571,asian,UP,BULL,PULLBACK,NO_SIGNAL,SKIP,0/4,1.14850000,1.10227000,Dropped: symbol not seen in current scan,2026-07-21 13:10:29.154762,f,t,t,t,t
1070,2026-07-21 04:37:31.335272,XRPUSDT,2026-07-21 03:30:00,1.12280000,71.27,36.98,0.00376429,asian,UP,BULL,PULLBACK,NO_SIGNAL,SKIP,0/4,1.10870000,1.14090000,Dropped: symbol not seen in current scan,2026-07-21 13:10:29.154762,f,t,t,f,t
1102,2026-07-21 07:16:24.882952,XRPUSDT,2026-07-21 06:45:00,1.13490000,72.59,67.38,0.00418571,asian,UP,BULL,PULLBACK,NO_SIGNAL,SKIP,0/4,1.14850000,1.10227000,Dropped: symbol not seen in current scan,2026-07-21 13:10:29.154762,f,t,t,t,t
1100,2026-07-21 07:05:51.090978,XRPUSDT,2026-07-21 06:45:00,1.13490000,72.59,67.38,0.00418571,asian,UP,BULL,PULLBACK,NO_SIGNAL,SKIP,0/4,1.14850000,1.10227000,Dropped: symbol not seen in current scan,2026-07-21 13:10:29.154762,f,t,t,t,t
1006,2026-07-20 19:54:23.31561,XRPUSDT,2026-07-20 19:00:00,1.11470000,63.31,48.55,0.00372857,overlap,DOWN,BULL,PULLBACK,NO_SIGNAL,SKIP,0/4,1.12400000,1.09230000,Dropped: symbol not seen in current scan,2026-07-21 13:10:29.154762,f,t,t,f,t
956,2026-07-20 14:38:45.268035,BTCUSDT,2026-07-20 13:30:00,64646.30000000,62.02,40.39,200.27142857,ny_open,UP,BULL,PULLBACK,NO_SIGNAL,SKIP,0/4,63995.41790000,66148.33570000,Dropped: symbol not seen in current scan,2026-07-21 12:11:45.720138,t,t,t,f,t
985,2026-07-20 17:06:17.029418,BTCUSDT,2026-07-20 15:45:00,65318.10000000,66.78,25.40,291.33571429,ny_open,UP,BULL,PULLBACK,NO_SIGNAL,SKIP,0/4,64589.76070000,68158.62327000,Dropped: symbol not seen in current scan,2026-07-21 12:11:45.720138,t,t,t,f,t
1093,2026-07-21 06:44:43.367993,BTCUSDT,2026-07-21 05:30:00,65559.10000000,76.01,37.25,127.78571429,asian,UP,BULL,PULLBACK,NO_SIGNAL,SKIP,0/4,65239.63570000,66325.81432000,Dropped: symbol not seen in current scan,2026-07-21 12:11:45.720138,f,t,t,f,t
971,2026-07-20 16:29:26.322624,BTCUSDT,2026-07-20 15:45:00,65318.10000000,66.78,25.40,291.33571429,ny_open,UP,BULL,PULLBACK,NO_SIGNAL,SKIP,0/4,64589.76070000,68158.62327000,Dropped: symbol not seen in current scan,2026-07-21 12:11:45.720138,t,t,t,f,t
1106,2026-07-21 07:37:34.784142,XRPUSDT,2026-07-21 06:45:00,1.13490000,72.59,67.38,0.00418571,asian,UP,BULL,PULLBACK,NO_SIGNAL,SKIP,0/4,1.14850000,1.10227000,Dropped: symbol not seen in current scan,2026-07-21 13:10:29.154762,f,t,t,t,t
1036,2026-07-20 21:29:17.750744,XRPUSDT,2026-07-20 21:00:00,1.11800000,60.47,38.15,0.00392143,ny_late,DOWN,BULL,PULLBACK,NO_SIGNAL,SKIP,0/4,1.12780000,1.09450000,Dropped: symbol not seen in current scan,2026-07-21 13:10:29.154762,t,t,t,f,t
980,2026-07-20 16:50:31.914252,SOLUSDT,2026-07-20 15:45:00,77.68000000,62.76,18.33,0.43857143,ny_open,UP,BULL,PULLBACK,NO_SIGNAL,SKIP,0/4,76.80290000,80.24568000,Dropped: symbol not seen in current scan,2026-07-21 13:10:29.154762,t,f,t,f,t
1018,2026-07-20 20:41:46.737015,XRPUSDT,2026-07-20 20:00:00,1.11400000,53.50,47.27,0.00365000,ny_late,DOWN,BULL,PULLBACK,NO_SIGNAL,SKIP,0/4,1.12310000,1.09210000,Dropped: symbol not seen in current scan,2026-07-21 13:10:29.154762,t,t,t,f,t
930,2026-07-20 13:19:28.567135,BTCUSDT,2026-07-20 12:15:00,64700.10000000,72.60,27.93,173.99285714,overlap,UP,BULL,PULLBACK,NO_SIGNAL,SKIP,0/4,64265.11790000,65744.05712000,Dropped: symbol not seen in current scan,2026-07-21 12:11:45.720138,f,t,t,f,t
967,2026-07-20 16:18:50.326845,BTCUSDT,2026-07-20 15:45:00,65318.10000000,66.78,25.40,291.33571429,ny_open,UP,BULL,PULLBACK,NO_SIGNAL,SKIP,0/4,64589.76070000,68158.62327000,Dropped: symbol not seen in current scan,2026-07-21 12:11:45.720138,t,t,t,f,t
998,2026-07-20 19:12:19.311429,XRPUSDT,2026-07-20 18:00:00,1.11800000,82.37,34.76,0.00477857,overlap,DOWN,BULL,PULLBACK,NO_SIGNAL,SKIP,0/4,1.12990000,1.08069000,Dropped: symbol not seen in current scan,2026-07-21 13:10:29.154762,f,t,t,t,t
961,2026-07-20 14:49:15.686467,SOLUSDT,2026-07-20 13:30:00,76.91000000,60.63,35.56,0.30571429,ny_open,UP,BULL,PULLBACK,NO_SIGNAL,SKIP,0/4,76.14570000,79.20290000,Dropped: symbol not seen in current scan,2026-07-21 13:10:29.154762,t,t,t,f,t
1126,2026-07-21 08:30:22.151037,SOLUSDT,2026-07-21 07:45:00,78.59000000,75.00,56.38,0.22500000,london,UP,BULL,PULLBACK,NO_SIGNAL,SKIP,0/4,78.02750000,80.27750000,Dropped: symbol not seen in current scan,2026-07-21 13:10:29.154762,t,t,t,f,t
966,2026-07-20 16:13:32.205859,SOLUSDT,2026-07-20 15:45:00,77.68000000,62.76,18.33,0.43857143,ny_open,UP,BULL,PULLBACK,NO_SIGNAL,SKIP,0/4,76.80290000,80.24568000,Dropped: symbol not seen in current scan,2026-07-21 13:10:29.154762,t,f,t,f,t
1123,2026-07-21 08:25:01.92886,SOLUSDT,2026-07-21 07:45:00,78.59000000,75.00,56.38,0.22500000,london,UP,BULL,PULLBACK,NO_SIGNAL,SKIP,0/4,78.02750000,80.27750000,Dropped: symbol not seen in current scan,2026-07-21 13:10:29.154762,t,t,t,f,t
1039,2026-07-20 21:45:08.325632,XRPUSDT,2026-07-20 21:00:00,1.11800000,60.47,38.15,0.00392143,ny_late,DOWN,BULL,PULLBACK,NO_SIGNAL,SKIP,0/4,1.12780000,1.09450000,Dropped: symbol not seen in current scan,2026-07-21 13:10:29.154762,t,t,t,f,t
1045,2026-07-20 22:16:53.756171,XRPUSDT,2026-07-20 21:00:00,1.11800000,60.47,38.15,0.00392143,ny_late,DOWN,BULL,PULLBACK,NO_SIGNAL,SKIP,0/4,1.12780000,1.09450000,Dropped: symbol not seen in current scan,2026-07-21 13:10:29.154762,t,t,t,f,t
1050,2026-07-21 03:49:54.763857,XRPUSDT,2026-07-21 03:30:00,1.12280000,71.27,36.98,0.00376429,asian,UP,BULL,PULLBACK,NO_SIGNAL,SKIP,0/4,1.10870000,1.14090000,Dropped: symbol not seen in current scan,2026-07-21 13:10:29.154762,f,t,t,f,t
1032,2026-07-20 21:18:44.052846,XRPUSDT,2026-07-20 20:00:00,1.11400000,53.50,47.27,0.00365000,ny_late,DOWN,BULL,PULLBACK,NO_SIGNAL,SKIP,0/4,1.12310000,1.09210000,Dropped: symbol not seen in current scan,2026-07-21 13:10:29.154762,t,t,t,f,t
984,2026-07-20 17:01:01.74198,SOLUSDT,2026-07-20 15:45:00,77.68000000,62.76,18.33,0.43857143,ny_open,UP,BULL,PULLBACK,NO_SIGNAL,SKIP,0/4,76.80290000,80.24568000,Dropped: symbol not seen in current scan,2026-07-21 13:10:29.154762,t,f,t,f,t
1035,2026-07-20 21:29:17.750744,SOLUSDT,2026-07-20 21:00:00,77.93000000,62.44,27.97,0.30285714,ny_late,UP,BULL,PULLBACK,NO_SIGNAL,SKIP,0/4,77.17290000,80.20140000,Dropped: symbol not seen in current scan,2026-07-21 13:10:29.154762,t,t,t,f,t
982,2026-07-20 16:55:46.730338,SOLUSDT,2026-07-20 15:45:00,77.68000000,62.76,18.33,0.43857143,ny_open,UP,BULL,PULLBACK,NO_SIGNAL,SKIP,0/4,76.80290000,80.24568000,Dropped: symbol not seen in current scan,2026-07-21 13:10:29.154762,t,f,t,f,t
940,2026-07-20 13:56:34.05884,ETHUSDT,2026-07-20 13:30:00,1876.00000000,58.68,39.14,8.38357143,ny_open,UP,BULL,PULLBACK,NO_SIGNAL,SKIP,0/4,1859.23290000,1926.30140000,Dropped: symbol not seen in current scan,2026-07-21 13:10:29.154762,t,t,t,f,t
1019,2026-07-20 20:47:04.054846,SOLUSDT,2026-07-20 20:00:00,77.64000000,51.75,31.41,0.30357143,ny_late,UP,BULL,PULLBACK,NO_SIGNAL,SKIP,0/4,76.88110000,79.91680000,Dropped: symbol not seen in current scan,2026-07-21 13:10:29.154762,t,t,t,f,t
1021,2026-07-20 20:52:20.998487,SOLUSDT,2026-07-20 20:00:00,77.64000000,51.75,31.41,0.30357143,ny_late,UP,BULL,PULLBACK,NO_SIGNAL,SKIP,0/4,76.88110000,79.91680000,Dropped: symbol not seen in current scan,2026-07-21 13:10:29.154762,t,t,t,f,t
1069,2026-07-21 04:32:14.012848,BNBUSDT,2026-07-21 03:30:00,574.30000000,71.43,40.68,1.12857143,asian,UP,BULL,PULLBACK,NO_SIGNAL,SKIP,0/4,572.04290000,579.94290000,Dropped: symbol not seen in current scan,2026-07-21 13:10:29.154762,f,t,t,f,t
1059,2026-07-21 04:05:47.934543,BNBUSDT,2026-07-21 03:30:00,574.30000000,71.43,40.68,1.12857143,asian,UP,BULL,PULLBACK,NO_SIGNAL,SKIP,0/4,572.04290000,579.94290000,Dropped: symbol not seen in current scan,2026-07-21 13:10:29.154762,f,t,t,f,t
1073,2026-07-21 04:42:48.594143,BNBUSDT,2026-07-21 03:30:00,574.30000000,71.43,40.68,1.12857143,asian,UP,BULL,PULLBACK,NO_SIGNAL,SKIP,0/4,572.04290000,579.94290000,Dropped: symbol not seen in current scan,2026-07-21 13:10:29.154762,f,t,t,f,t
1137,2026-07-21 08:46:09.25928,BNBUSDT,2026-07-21 07:45:00,576.40000000,68.85,49.83,0.90714286,london,DOWN,BULL,PULLBACK,NO_SIGNAL,SKIP,0/4,578.21430000,571.86430000,Dropped: symbol not seen in current scan,2026-07-21 13:10:29.154762,t,t,t,f,t
1071,2026-07-21 04:37:31.335272,BNBUSDT,2026-07-21 03:30:00,574.30000000,71.43,40.68,1.12857143,asian,UP,BULL,PULLBACK,NO_SIGNAL,SKIP,0/4,572.04290000,579.94290000,Dropped: symbol not seen in current scan,2026-07-21 13:10:29.154762,f,t,t,f,t
1060,2026-07-21 04:11:05.754525,XRPUSDT,2026-07-21 03:30:00,1.12280000,71.27,36.98,0.00376429,asian,UP,BULL,PULLBACK,NO_SIGNAL,SKIP,0/4,1.10870000,1.14090000,Dropped: symbol not seen in current scan,2026-07-21 13:10:29.154762,f,t,t,f,t
992,2026-07-20 18:40:47.302458,XRPUSDT,2026-07-20 18:00:00,1.11800000,82.37,34.76,0.00477857,overlap,DOWN,BULL,PULLBACK,NO_SIGNAL,SKIP,0/4,1.12990000,1.08069000,Dropped: symbol not seen in current scan,2026-07-21 13:10:29.154762,f,t,t,t,t
994,2026-07-20 18:51:17.461793,XRPUSDT,2026-07-20 18:00:00,1.11800000,82.37,34.76,0.00477857,overlap,DOWN,BULL,PULLBACK,NO_SIGNAL,SKIP,0/4,1.12990000,1.08069000,Dropped: symbol not seen in current scan,2026-07-21 13:10:29.154762,f,t,t,t,t
1094,2026-07-21 06:44:43.367993,XRPUSDT,2026-07-21 05:30:00,1.12840000,74.16,61.32,0.00454286,asian,UP,BULL,PULLBACK,NO_SIGNAL,SKIP,0/4,1.14320000,1.09291000,Dropped: symbol not seen in current scan,2026-07-21 13:10:29.154762,f,t,t,t,t
1038,2026-07-20 21:39:51.319582,XRPUSDT,2026-07-20 21:00:00,1.11800000,60.47,38.15,0.00392143,ny_late,DOWN,BULL,PULLBACK,NO_SIGNAL,SKIP,0/4,1.12780000,1.09450000,Dropped: symbol not seen in current scan,2026-07-21 13:10:29.154762,t,t,t,f,t
938,2026-07-20 13:51:16.40284,SOLUSDT,2026-07-20 13:30:00,76.91000000,60.63,35.56,0.30571429,ny_open,UP,BULL,PULLBACK,NO_SIGNAL,SKIP,0/4,76.14570000,79.20290000,Dropped: symbol not seen in current scan,2026-07-21 13:10:29.154762,t,t,t,f,t
1129,2026-07-21 08:35:37.541724,SOLUSDT,2026-07-21 07:45:00,78.59000000,75.00,56.38,0.22500000,london,UP,BULL,PULLBACK,NO_SIGNAL,SKIP,0/4,78.02750000,80.27750000,Dropped: symbol not seen in current scan,2026-07-21 13:10:29.154762,t,t,t,f,t
947,2026-07-20 14:12:26.184049,SOLUSDT,2026-07-20 13:30:00,76.91000000,60.63,35.56,0.30571429,ny_open,UP,BULL,PULLBACK,NO_SIGNAL,SKIP,0/4,76.14570000,79.20290000,Dropped: symbol not seen in current scan,2026-07-21 13:10:29.154762,t,t,t,f,t
964,2026-07-20 16:08:16.960562,SOLUSDT,2026-07-20 15:45:00,77.68000000,62.76,18.33,0.43857143,ny_open,UP,BULL,PULLBACK,NO_SIGNAL,SKIP,0/4,76.80290000,80.24568000,Dropped: symbol not seen in current scan,2026-07-21 13:10:29.154762,t,f,t,f,t
986,2026-07-20 17:06:17.029418,SOLUSDT,2026-07-20 15:45:00,77.68000000,62.76,18.33,0.43857143,ny_open,UP,BULL,PULLBACK,NO_SIGNAL,SKIP,0/4,76.80290000,80.24568000,Dropped: symbol not seen in current scan,2026-07-21 13:10:29.154762,t,f,t,f,t
976,2026-07-20 16:40:00.277857,SOLUSDT,2026-07-20 15:45:00,77.68000000,62.76,18.33,0.43857143,ny_open,UP,BULL,PULLBACK,NO_SIGNAL,SKIP,0/4,76.80290000,80.24568000,Dropped: symbol not seen in current scan,2026-07-21 13:10:29.154762,t,f,t,f,t
1027,2026-07-20 21:08:10.456817,SOLUSDT,2026-07-20 20:00:00,77.64000000,51.75,31.41,0.30357143,ny_late,UP,BULL,PULLBACK,NO_SIGNAL,SKIP,0/4,76.88110000,79.91680000,Dropped: symbol not seen in current scan,2026-07-21 13:10:29.154762,t,t,t,f,t
953,2026-07-20 14:28:14.025876,SOLUSDT,2026-07-20 13:30:00,76.91000000,60.63,35.56,0.30571429,ny_open,UP,BULL,PULLBACK,NO_SIGNAL,SKIP,0/4,76.14570000,79.20290000,Dropped: symbol not seen in current scan,2026-07-21 13:10:29.154762,t,t,t,f,t
